TubeID,Date,Month,MonthNo,Season,Time,Monkey,Birthday,Age,AgeD,AgeY,Sex,Rank,Group,GroupSize,MCPDensity,KDE50Density,KDE95Density,Matriline,Kin,FemaleKin,KDE50,KDE95,MCP_HR,MCP_DRY,MCP_RAINY,MCP_RAINY1,MCP_RAINY2,NDVI_RAINY2,NDVI_RAINY1,NDVI_RAINY,NDVI_DRY,NDVI,MINT_2,MINT_1,MINT,AVET_2,AVET_1,AVET,MAXT_2,MAXT_1,MAXT,RAIN_2,RAIN_1,RAIN,TreeArea,BuildArea,RangeArea,AnalysisEnd,Observer,TotalMl,FecesWeight,Diversity,M1_Fila,M2_Stegg,M3_Hdimi,M4_Prosth,M5_Subu,M6_Spiru,M7_Eim,M8_StAM,M9_StLVR,M10_StLVF,TotalP,PPG,FilaPA,SteggPA,HdimiPA,ProsthPA,SubuPA,SpiruPA,EimPA,StamPA,StlvrPA,StlvFPA,FilaPFG,SteggPFG,HdimiPFG,StamPFG,StlvrPFG,StlvrPFG
PA-135,5-Oct-20,Oct,3,RAINY,9:28,Abu,4/25/05,AF,6111,16.74246575,Female,3,AD,22,11.38186734,42.71048504,13.88406803,Timo,9,7,0.515096,1.58455,1.932899,1.179157,1.848038,1.728069,1.036729,0.726148264,0.727244932,0.726696598,0.774256771,0.745626099,24.06,23.79,23.71,26.16,26.07,25.55,28.26,28.35,27.38,512.2,327.9,441.6,0.889842666,0.009383832,0.100944747,1/17/22,JC,7.4,1.2,3,130,1,0,0,0,0,1,0,0,0,132,110,1,1,0,0,0,0,1,0,0,0,108,1,0,0,0,0
PA-455,16-Feb-21,Feb,7,DRY,8:10,Abu,4/25/05,AF,6829,18.70958904,Female,3,AD,22,11.38186734,42.71048504,13.88406803,Timo,9,7,0.515096,1.58455,1.932899,1.179157,1.848038,1.728069,1.036729,0.726148264,0.727244932,0.726696598,0.774256771,0.745626099,22.79,22.97,23.14,25.09,25.61,27.07,27.39,28.24,31,29,10.8,10.8,0.889842666,0.009383832,0.100944747,1/5/24,MCH,7,1.45,2,1628,11,0,0,0,0,0,0,0,0,1639,1130,1,1,0,0,0,0,0,0,0,0,1123,8,0,0,0,0
PA-748,26-Aug-21,2-Aug,13,RAINY,8:30,Abu,4/25/05,AF,6374,17.4630137,Female,3,AD,22,11.38186734,42.71048504,13.88406803,Timo,9,7,0.515096,1.58455,1.932899,1.179157,1.848038,1.728069,1.036729,0.726148264,0.727244932,0.726696598,0.774256771,0.745626099,23.89,23.94,23.39677419,26.93,26.5,25.73709677,29.97,29.05,28.07741935,153.4,89.8,285.8,0.889842666,0.009383832,0.100944747,10/7/22,JKH,7,1.72,3,6,1,0,0,0,0,0,0,1,0,8,5,1,1,0,0,0,0,0,0,1,0,3,1,0,0,1,0
PA-038,18-Aug-20,Aug,1,RAINY,8:21,AF,,AF,,,Female,,AD,22,11.38186734,42.71048504,13.88406803,,,,0.515096,1.58455,1.932899,1.179157,1.848038,1.728069,1.036729,0.726148264,0.727244932,0.726696598,0.774256771,0.745626099,25.32,24.84,24.06,27.73,27.12,26.16,30.13,29.39,28.26,195.2,123.6,512.2,0.889842666,0.009383832,0.100944747,8/4/21,MCH,3.9,1.92,5,81,1,0,0,0,0,0,74,4,87,247,129,1,1,0,0,0,0,0,1,1,1,42,1,0,39,2,45
PA-124,29-Sep-20,Sep,2,RAINY,6:50,AF,,AF,,,Female,,LV,30,12.81671162,35.0544688,15.39024269,,,,0.855811,1.949287,2.340694,1.841247,1.469938,1.341847,0.961201,0.713424854,0.743786629,0.728605741,0.802280702,0.760921515,24.84,24.06,23.79,27.12,26.16,26.07,29.39,28.26,28.35,123.6,512.2,327.9,0.976790217,0.007748984,0.01576071,8/3/21,HH/MCH,7,3.01,2,29,2,0,0,0,0,0,0,0,0,31,10,1,1,0,0,0,0,0,0,0,0,10,1,0,0,0,0
PA-147,14-Oct-20,Oct,3,RAINY,7:12,AF,,AF,,,Female,,LV,30,12.81671162,35.0544688,15.39024269,,,,0.855811,1.949287,2.340694,1.841247,1.469938,1.341847,0.961201,0.713424854,0.743786629,0.728605741,0.802280702,0.760921515,24.06,23.79,23.71,26.16,26.07,25.55,28.26,28.35,27.38,512.2,327.9,441.6,0.976790217,0.007748984,0.01576071,8/16/21,HH,6,0.51,5,7,2,0,0,0,0,0,2,1,5,17,33,1,1,0,0,0,0,0,1,1,1,14,4,0,4,2,10
PA-071,31-Aug-20,Aug,1,RAINY,11:00,AM,,AM,,,Male,,GN,23,16.07948579,34.67887363,16.64771481,,,,0.663228,1.381571,1.430394,0.855759,1.328901,1.142284,0.739244,0.685529798,0.733495332,0.709512565,0.800760354,0.750617982,25.32,24.84,24.06,27.73,27.12,26.16,30.13,29.39,28.26,195.2,123.6,512.2,0.968751267,0,0.030949515,7/22/21,MCH,3.5,1.18,3,5,1,0,0,0,0,0,0,0,1,7,6,1,1,0,0,0,0,0,0,0,1,4,1,0,0,0,1
PA-125,29-Sep-20,Sep,2,RAINY,7:29,AM,,AM,,,Male,,LV,30,12.81671162,35.0544688,15.39024269,,,,0.855811,1.949287,2.340694,1.841247,1.469938,1.341847,0.961201,0.713424854,0.743786629,0.728605741,0.802280702,0.760921515,24.84,24.06,23.79,27.12,26.16,26.07,29.39,28.26,28.35,123.6,512.2,327.9,0.976790217,0.007748984,0.01576071,8/9/21,HH,6,1.2,3,30,2,0,0,0,0,0,0,0,6,38,32,1,1,0,0,0,0,0,0,0,1,25,2,0,0,0,5
PA-044,18-Aug-20,Aug,1,RAINY,10:58,Amidala,6/2/16,LJF,2218,6.076712329,Female,,AD,22,11.38186734,42.71048504,13.88406803,Seri,7,6,0.515096,1.58455,1.932899,1.179157,1.848038,1.728069,1.036729,0.726148264,0.727244932,0.726696598,0.774256771,0.745626099,25.32,24.84,24.06,27.73,27.12,26.16,30.13,29.39,28.26,195.2,123.6,512.2,0.889842666,0.009383832,0.100944747,6/29/22,JC,3,1.44,4,21,2,0,0,0,0,0,43,0,99,165,115,1,1,0,0,0,0,0,1,0,1,15,1,0,30,0,69
PA-097,16-Sep-20,Sep,2,RAINY,11:30,Amidala,6/2/16,LJF,2134,5.846575342,Female,,AD,22,11.38186734,42.71048504,13.88406803,Seri,7,6,0.515096,1.58455,1.932899,1.179157,1.848038,1.728069,1.036729,0.726148264,0.727244932,0.726696598,0.774256771,0.745626099,24.84,24.06,23.79,27.12,26.16,26.07,29.39,28.26,28.35,123.6,512.2,327.9,0.889842666,0.009383832,0.100944747,4/6/22,HH,6.5,2.11,4,6,7,0,0,0,0,0,0,12,1,26,12,1,1,0,0,0,0,0,0,1,1,3,3,0,0,6,0
PA-299,15-Dec-20,Dec,5,DRY,10:08,Amidala,6/2/16,LJF,2701,7.4,Female,,AD,22,11.38186734,42.71048504,13.88406803,Seri,7,6,0.515096,1.58455,1.932899,1.179157,1.848038,1.728069,1.036729,0.726148264,0.727244932,0.726696598,0.774256771,0.745626099,23.71,22.93,22.79,25.55,24.57,25.09,27.38,26.2,27.39,441.6,681.5,29,0.889842666,0.009383832,0.100944747,10/25/23,MCH,6.5,1.39,2,24,29,0,0,0,0,0,0,0,0,53,38,1,1,0,0,0,0,0,0,0,0,17,21,0,0,0,0
PA-171,19-Oct-20,Oct,3,RAINY,10:08,Appo,4/29/17,LJM,1943,5.323287671,Male,,AD,22,11.38186734,42.71048504,13.88406803,Timo,9,7,0.515096,1.58455,1.932899,1.179157,1.848038,1.728069,1.036729,0.726148264,0.727244932,0.726696598,0.774256771,0.745626099,24.06,23.79,23.71,26.16,26.07,25.55,28.26,28.35,27.38,512.2,327.9,441.6,0.889842666,0.009383832,0.100944747,8/24/22,JC,6,1.2,4,114,2,0,0,0,0,0,1,0,1,118,98,1,1,0,0,0,0,0,1,0,1,95,2,0,1,0,1
PA-526,16-Mar-21,Mar,8,DRY,9:30,Appo,4/29/17,LJM,2243,6.145205479,Male,,AD,22,11.38186734,42.71048504,13.88406803,Timo,9,7,0.515096,1.58455,1.932899,1.179157,1.848038,1.728069,1.036729,0.726148264,0.727244932,0.726696598,0.774256771,0.745626099,22.97,23.14,23.77,25.61,27.07,28.25,28.24,31,32.73,10.8,10.8,0.1,0.889842666,0.009383832,0.100944747,6/20/23,MCH,7.5,2.76,4,622,22,906,0,0,0,0,0,0,10,1560,565,1,1,1,0,0,0,0,0,0,1,225,8,328,0,0,4
PA-709,11-Aug-21,2-Aug,13,RAINY,10:10,Appo,4/29/17,LJM,1916,5.249315068,Male,,AD,22,11.38186734,42.71048504,13.88406803,Timo,9,7,0.515096,1.58455,1.932899,1.179157,1.848038,1.728069,1.036729,0.726148264,0.727244932,0.726696598,0.774256771,0.745626099,23.89,23.94,23.39677419,26.93,26.5,25.73709677,29.97,29.05,28.07741935,153.4,89.8,285.8,0.889842666,0.009383832,0.100944747,7/28/22,JKH,7.5,2.49,3,102,4,0,0,0,0,0,0,1,0,107,43,1,1,0,0,0,0,0,0,1,0,41,2,0,0,0,0
PA-475,18-Feb-21,Feb,7,DRY,9:28,Aragog,1/10/17,LJM,2551,6.989041096,Male,,GN,23,16.07948579,34.67887363,16.64771481,Petu,6,3,0.663228,1.381571,1.430394,0.855759,1.328901,1.142284,0.739244,0.685529798,0.733495332,0.709512565,0.800760354,0.750617982,22.79,22.97,23.14,25.09,25.61,27.07,27.39,28.24,31,29,10.8,10.8,0.968751267,0,0.030949515,1/5/24,MCH,6.4,0.38,2,71,2,0,0,0,0,0,0,0,0,73,192,1,1,0,0,0,0,0,0,0,0,187,5,0,0,0,0
PA-696,10-Aug-21,2-Aug,13,RAINY,11:00,Aragog,1/10/17,LJM,2281,6.249315068,Male,,GN,23,16.07948579,34.67887363,16.64771481,Petu,6,3,0.663228,1.381571,1.430394,0.855759,1.328901,1.142284,0.739244,0.685529798,0.733495332,0.709512565,0.800760354,0.750617982,23.89,23.94,23.39677419,26.93,26.5,25.73709677,29.97,29.05,28.07741935,153.4,89.8,285.8,0.968751267,0,0.030949515,4/10/23,MCH,,2.39,3,54,122,0,0,0,0,0,0,0,1,177,74,1,1,0,0,0,0,0,0,0,1,23,51,0,0,0,0
PA-240,26-Nov-20,Nov,4,RAINY,9:18,Badger,8/20/10,SAM,4739,12.98356164,Male,2,AD,22,11.38186734,42.71048504,13.88406803,Sara,0,0,0.515096,1.58455,1.932899,1.179157,1.848038,1.728069,1.036729,0.726148264,0.727244932,0.726696598,0.774256771,0.745626099,23.79,23.71,22.93,26.07,25.55,24.57,28.35,27.38,26.2,327.9,441.6,681.5,0.889842666,0.009383832,0.100944747,8/11/23,MCH,7,1.22,1,13,0,0,0,0,0,0,0,0,0,13,11,1,0,0,0,0,0,0,0,0,0,11,0,0,0,0,0
PA-405,4-Feb-21,Feb,7,DRY,7:30,Badger,8/20/10,AM,4758,13.03561644,Male,2,AD,22,11.38186734,42.71048504,13.88406803,Sara,0,0,0.515096,1.58455,1.932899,1.179157,1.848038,1.728069,1.036729,0.726148264,0.727244932,0.726696598,0.774256771,0.745626099,22.79,22.97,23.14,25.09,25.61,27.07,27.39,28.24,31,29,10.8,10.8,0.889842666,0.009383832,0.100944747,8/30/23,MCH,6,0.81,2,22,5,0,0,0,0,0,0,0,0,27,33,1,1,0,0,0,0,0,0,0,0,27,6,0,0,0,0
PA-660,5-Jul-21,Jul,12,RAINY,8:07,Badger,8/20/10,AM,4542,12.44383562,Male,2,AD,22,11.38186734,42.71048504,13.88406803,Sara,0,0,0.515096,1.58455,1.932899,1.179157,1.848038,1.728069,1.036729,0.726148264,0.727244932,0.726696598,0.774256771,0.745626099,24.51,23.89,23.94,27.84,26.93,26.5,31.1,29.97,29.05,128.4,153.4,89.8,0.889842666,0.009383832,0.100944747,1/26/23,JKH,7,2.82,2,2,8,0,0,0,0,0,0,0,0,10,4,1,1,0,0,0,0,0,0,0,0,1,3,0,0,0,0
PA-679,19-Jul-21,Jul,12,RAINY,11:15,Badger,8/20/10,AM,4319,11.83287671,Male,2,AD,22,11.38186734,42.71048504,13.88406803,Sara,0,0,0.515096,1.58455,1.932899,1.179157,1.848038,1.728069,1.036729,0.726148264,0.727244932,0.726696598,0.774256771,0.745626099,24.51,23.89,23.94,27.84,26.93,26.5,31.1,29.97,29.05,128.4,153.4,89.8,0.889842666,0.009383832,0.100944747,6/17/22,HH,7,1.98,2,4,0,0,0,0,0,0,0,0,2,6,3,1,0,0,0,0,0,0,0,0,1,2,0,0,0,0,1
PA-750,26-Aug-21,2-Aug,13,RAINY,10:30,Badger,8/20/10,AM,4556,12.48219178,Male,2,AD,22,11.38186734,42.71048504,13.88406803,Sara,0,0,0.515096,1.58455,1.932899,1.179157,1.848038,1.728069,1.036729,0.726148264,0.727244932,0.726696598,0.774256771,0.745626099,23.89,23.94,23.39677419,26.93,26.5,25.73709677,29.97,29.05,28.07741935,153.4,89.8,285.8,0.889842666,0.009383832,0.100944747,2/9/23,JKH,7,1.65,2,0,0,0,0,0,0,0,8,0,30,38,23,0,0,0,0,0,0,0,1,0,1,0,0,0,5,0,18
PA-045,18-Aug-20,Aug,1,RAINY,11:02,Baloo,5/3/03,AF,6876,18.83835616,Female,1,AD,22,11.38186734,42.71048504,13.88406803,Timo,9,7,0.515096,1.58455,1.932899,1.179157,1.848038,1.728069,1.036729,0.726148264,0.727244932,0.726696598,0.774256771,0.745626099,25.32,24.84,24.06,27.73,27.12,26.16,30.13,29.39,28.26,195.2,123.6,512.2,0.889842666,0.009383832,0.100944747,2/28/22,JC,4.5,3.94,5,200,2,0,0,0,0,0,18,2,72,294,75,1,1,0,0,0,0,0,1,1,1,51,1,0,5,1,18
PA-168,19-Oct-20,Oct,3,RAINY,9:05,Baloo,5/3/03,AF,6926,18.97534247,Female,1,AD,22,11.38186734,42.71048504,13.88406803,Timo,9,7,0.515096,1.58455,1.932899,1.179157,1.848038,1.728069,1.036729,0.726148264,0.727244932,0.726696598,0.774256771,0.745626099,24.06,23.79,23.71,26.16,26.07,25.55,28.26,28.35,27.38,512.2,327.9,441.6,0.889842666,0.009383832,0.100944747,4/19/22,MCH/JKH/JC,6.5,1.77,6,321,6,0,0,0,0,1,13,10,31,382,216,1,1,0,0,0,0,1,1,1,1,181,3,0,7,6,18
PA-409,4-Feb-21,Feb,7,DRY,9:03,Baloo,5/3/03,AF,7473,20.4739726,Female,1,AD,22,11.38186734,42.71048504,13.88406803,Timo,9,7,0.515096,1.58455,1.932899,1.179157,1.848038,1.728069,1.036729,0.726148264,0.727244932,0.726696598,0.774256771,0.745626099,22.79,22.97,23.14,25.09,25.61,27.07,27.39,28.24,31,29,10.8,10.8,0.889842666,0.009383832,0.100944747,10/18/23,MCH,7,2.76,4,4301,8,0,0,12,0,0,0,0,1,4322,1566,1,1,0,0,1,0,0,0,0,1,1558,3,0,0,0,0
PA-658,5-Jul-21,Jul,12,RAINY,7:39,Baloo,5/3/03,AF,7229,19.80547945,Female,1,AD,22,11.38186734,42.71048504,13.88406803,Timo,9,7,0.515096,1.58455,1.932899,1.179157,1.848038,1.728069,1.036729,0.726148264,0.727244932,0.726696598,0.774256771,0.745626099,24.51,23.89,23.94,27.84,26.93,26.5,31.1,29.97,29.05,128.4,153.4,89.8,0.889842666,0.009383832,0.100944747,2/16/23,JKH,7,1.8,2,67,2,0,0,0,0,0,0,0,0,69,38,1,1,0,0,0,0,0,0,0,0,37,1,0,0,0,0
PA-706,11-Aug-21,2-Aug,13,RAINY,9:28,Baloo,5/3/03,AF,6943,19.02191781,Female,1,AD,22,11.38186734,42.71048504,13.88406803,Timo,9,7,0.515096,1.58455,1.932899,1.179157,1.848038,1.728069,1.036729,0.726148264,0.727244932,0.726696598,0.774256771,0.745626099,23.89,23.94,23.39677419,26.93,26.5,25.73709677,29.97,29.05,28.07741935,153.4,89.8,285.8,0.889842666,0.009383832,0.100944747,5/6/22,JKH,7.2,2.84,3,289,15,0,0,0,0,0,0,0,4,308,108,1,1,0,0,0,0,0,0,0,1,102,5,0,0,0,1
PA-086,15-Sep-20,Sep,2,RAINY,10:00,Barty,1/1/03,AM,7145,19.57534247,Male,2,LV,30,12.81671162,35.0544688,15.39024269,,,,0.855811,1.949287,2.340694,1.841247,1.469938,1.341847,0.961201,0.713424854,0.743786629,0.728605741,0.802280702,0.760921515,24.84,24.06,23.79,27.12,26.16,26.07,29.39,28.26,28.35,123.6,512.2,327.9,0.976790217,0.007748984,0.01576071,7/25/22,JC,5.5,3.58,2,316,14,0,0,0,0,0,0,0,0,330,92,1,1,0,0,0,0,0,0,0,0,88,4,0,0,0,0
PA-657,18-May-21,May,10,DRY,9:50,Barty,1/1/03,AM,7603,20.83013699,Male,2,LV,30,12.81671162,35.0544688,15.39024269,,,,0.855811,1.949287,2.340694,1.841247,1.469938,1.341847,0.961201,0.713424854,0.743786629,0.728605741,0.802280702,0.760921515,23.77,24.51,24.58,28.25,28.95,27.84,32.73,33.39,31.1,0.1,94.7,128.4,0.976790217,0.007748984,0.01576071,10/26/23,MCH,7.5,1.76,3,15,0,0,0,0,0,0,2,0,6,23,13,1,0,0,0,0,0,0,1,0,1,9,0,0,1,0,3
PA-072,31-Aug-20,Aug,1,RAINY,11:38,Bathilda,11/12/13,AF,3082,8.443835616,Female,8,GN,23,16.07948579,34.67887363,16.64771481,Lily,0,0,0.663228,1.381571,1.430394,0.855759,1.328901,1.142284,0.739244,0.685529798,0.733495332,0.709512565,0.800760354,0.750617982,25.32,24.84,24.06,27.73,27.12,26.16,30.13,29.39,28.26,195.2,123.6,512.2,0.968751267,0,0.030949515,4/21/22,MCH/JKH,3.25,1.4,4,179,73,0,0,0,0,4,0,0,1,257,184,1,1,0,0,0,0,1,0,0,1,128,52,0,0,0,1
PA-605,14-Apr-21,Apr,9,DRY,8:30,Bathilda,11/12/13,AF,3705,10.15068493,Female,8,GN,23,16.07948579,34.67887363,16.64771481,Lily,0,0,0.663228,1.381571,1.430394,0.855759,1.328901,1.142284,0.739244,0.685529798,0.733495332,0.709512565,0.800760354,0.750617982,23.14,23.77,24.51,27.07,28.25,28.95,31,32.73,33.39,10.8,0.1,94.7,0.968751267,0,0.030949515,1/4/24,MCH,7,1.77,4,454,2,0,0,0,0,0,50,147,0,653,369,1,1,0,0,0,0,0,1,1,0,256,1,0,28,83,0
PA-042,19-Aug-20,Aug,1,RAINY,10:17,Beauty,3/12/06,AF,5807,15.90958904,Female,6,AD,22,11.38186734,42.71048504,13.88406803,Seri,7,6,0.515096,1.58455,1.932899,1.179157,1.848038,1.728069,1.036729,0.726148264,0.727244932,0.726696598,0.774256771,0.745626099,25.32,24.84,24.06,27.73,27.12,26.16,30.13,29.39,28.26,195.2,123.6,512.2,0.889842666,0.009383832,0.100944747,2/3/22,MCH,5,4.3,4,114,0,0,0,0,0,0,115,1,340,570,133,1,0,0,0,0,0,0,1,1,1,27,0,0,27,0,79
PA-700,11-Aug-21,2-Aug,13,RAINY,8:30,Beauty,3/12/06,AF,6102,16.71780822,Female,6,AD,22,11.38186734,42.71048504,13.88406803,Seri,7,6,0.515096,1.58455,1.932899,1.179157,1.848038,1.728069,1.036729,0.726148264,0.727244932,0.726696598,0.774256771,0.745626099,23.89,23.94,23.39677419,26.93,26.5,25.73709677,29.97,29.05,28.07741935,153.4,89.8,285.8,0.889842666,0.009383832,0.100944747,11/25/22,JKH,7,1.64,2,77,1,0,0,0,0,0,0,0,0,78,48,1,1,0,0,0,0,0,0,0,0,47,1,0,0,0,0
PA-152,14-Oct-20,Oct,3,RAINY,8:17,Charchere,11/1/04,AF,6223,17.04931507,Female,4,LV,30,12.81671162,35.0544688,15.39024269,Dosl,2,1,0.855811,1.949287,2.340694,1.841247,1.469938,1.341847,0.961201,0.713424854,0.743786629,0.728605741,0.802280702,0.760921515,24.06,23.79,23.71,26.16,26.07,25.55,28.26,28.35,27.38,512.2,327.9,441.6,0.976790217,0.007748984,0.01576071,11/15/21,HH,2,1.32,3,85,0,0,0,0,0,0,3,0,58,146,111,1,0,0,0,0,0,0,1,0,1,64,0,0,2,0,44
PA-155,14-Oct-20,Oct,3,RAINY,8:44,Charchere,11/1/04,AF,6325,17.32876712,Female,4,LV,30,12.81671162,35.0544688,15.39024269,Dosl,2,1,0.855811,1.949287,2.340694,1.841247,1.469938,1.341847,0.961201,0.713424854,0.743786629,0.728605741,0.802280702,0.760921515,24.06,23.79,23.71,26.16,26.07,25.55,28.26,28.35,27.38,512.2,327.9,441.6,0.976790217,0.007748984,0.01576071,2/25/22,HH,7,1.69,4,113,0,0,0,0,0,0,7,1,42,163,96,1,0,0,0,0,0,0,1,1,1,67,0,0,4,1,25
PA-052,19-Aug-20,Aug,1,RAINY,10:35,Chocolate,1/2/19,SJM,1276,3.495890411,Male,,LV,30,12.81671162,35.0544688,15.39024269,Blan,19,11,0.855811,1.949287,2.340694,1.841247,1.469938,1.341847,0.961201,0.713424854,0.743786629,0.728605741,0.802280702,0.760921515,25.32,24.84,24.06,27.73,27.12,26.16,30.13,29.39,28.26,195.2,123.6,512.2,0.976790217,0.007748984,0.01576071,7/1/22,JC,3,0.94,5,74,28,0,0,0,0,0,15,10,25,152,162,1,1,0,0,0,0,0,1,1,1,79,30,0,16,11,27
PA-530,17-Mar-21,Mar,8,DRY,8:47,Chocolate,1/2/19,SJM,1829,5.010958904,Male,,LV,30,12.81671162,35.0544688,15.39024269,Blan,19,11,0.855811,1.949287,2.340694,1.841247,1.469938,1.341847,0.961201,0.713424854,0.743786629,0.728605741,0.802280702,0.760921515,22.97,23.14,23.77,25.61,27.07,28.25,28.24,31,32.73,10.8,10.8,0.1,0.976790217,0.007748984,0.01576071,1/5/24,MCH,6.9,1.95,2,38,90,0,0,0,0,0,0,0,0,128,66,1,1,0,0,0,0,0,0,0,0,19,46,0,0,0,0
PA-004,10-Aug-20,Aug,1,RAINY,8:51,Cicatriz,1/1/00,AM,8169,22.38082192,Male,3,RM,33,21.03212945,45.78525881,21.21717125,,,,0.720756,1.555344,1.569028,1.07566,1.267412,1.164216,0.790313,0.730001852,0.730101622,0.730051737,0.778182963,0.749103077,25.32,24.84,24.06,27.73,27.12,26.16,30.13,29.39,28.26,195.2,123.6,512.2,0.920383193,0,0.079615533,5/14/22,HH/JC,3,1.97,1,111,0,0,0,0,0,0,0,0,0,111,56,1,0,0,0,0,0,0,0,0,0,56,0,0,0,0,0
PA-593,13-Apr-21,Apr,9,DRY,8:02,Cicatriz,1/1/00,AM,8559,23.44931507,Male,3,RM,33,21.03212945,45.78525881,21.21717125,,,,0.720756,1.555344,1.569028,1.07566,1.267412,1.164216,0.790313,0.730001852,0.730101622,0.730051737,0.778182963,0.749103077,23.14,23.77,24.51,27.07,28.25,28.95,31,32.73,33.39,10.8,0.1,94.7,0.920383193,0,0.079615533,6/8/23,MCH,7.5,3.26,2,397,32,0,0,0,0,0,0,0,0,429,132,1,1,0,0,0,0,0,0,0,0,122,10,0,0,0,0
PA-047,18-Aug-20,Aug,1,RAINY,11:15,Cogsworth,5/24/11,SAM,4071,11.15342466,Male,3,AD,22,11.38186734,42.71048504,13.88406803,Pumb,1,0,0.515096,1.58455,1.932899,1.179157,1.848038,1.728069,1.036729,0.726148264,0.727244932,0.726696598,0.774256771,0.745626099,25.32,24.84,24.06,27.73,27.12,26.16,30.13,29.39,28.26,195.2,123.6,512.2,0.889842666,0.009383832,0.100944747,7/16/22,JC,3.5,1.21,3,30,0,0,0,0,0,0,34,0,145,209,173,1,0,0,0,0,0,0,1,0,1,25,0,0,28,0,120
PA-507,3-Mar-21,Mar,8,DRY,11:02,Cogsworth,5/24/11,SAM,4391,12.03013699,Male,3,AD,22,11.38186734,42.71048504,13.88406803,Pumb,1,0,0.515096,1.58455,1.932899,1.179157,1.848038,1.728069,1.036729,0.726148264,0.727244932,0.726696598,0.774256771,0.745626099,22.97,23.14,23.77,25.61,27.07,28.25,28.24,31,32.73,10.8,10.8,0.1,0.889842666,0.009383832,0.100944747,6/1/23,MCH,7,2.3,1,40,0,0,0,0,0,0,0,0,0,40,17,1,0,0,0,0,0,0,0,0,0,17,0,0,0,0,0
PA-702,11-Aug-21,2-Aug,13,RAINY,8:45,Cosgworth,5/24/11,AM,4140,11.34246575,Male,3,AD,22,11.38186734,42.71048504,13.88406803,Pumb,1,0,0.515096,1.58455,1.932899,1.179157,1.848038,1.728069,1.036729,0.726148264,0.727244932,0.726696598,0.774256771,0.745626099,23.89,23.94,23.39677419,26.93,26.5,25.73709677,29.97,29.05,28.07741935,153.4,89.8,285.8,0.889842666,0.009383832,0.100944747,9/23/22,JKH,7,2.56,3,77,1,0,0,0,0,0,0,0,1,79,31,1,1,0,0,0,0,0,0,0,1,30,0,0,0,0,0
PA-756,26-Aug-21,2-Aug,13,RAINY,11:50,Cosgworth,5/24/11,AM,4272,11.70410959,Male,3,AD,22,11.38186734,42.71048504,13.88406803,Pumb,1,0,0.515096,1.58455,1.932899,1.179157,1.848038,1.728069,1.036729,0.726148264,0.727244932,0.726696598,0.774256771,0.745626099,23.89,23.94,23.39677419,26.93,26.5,25.73709677,29.97,29.05,28.07741935,153.4,89.8,285.8,0.889842666,0.009383832,0.100944747,2/2/23,JKH,7,2.09,3,165,55,0,0,0,0,0,0,67,0,287,137,1,1,0,0,0,0,0,0,1,0,79,26,0,0,32,0
PA-130,29-Sep-20,Sep,2,RAINY,9:39,Crystal,10/18/12,AF,3473,9.515068493,Female,5,LV,30,12.81671162,35.0544688,15.39024269,Blan,19,11,0.855811,1.949287,2.340694,1.841247,1.469938,1.341847,0.961201,0.713424854,0.743786629,0.728605741,0.802280702,0.760921515,24.84,24.06,23.79,27.12,26.16,26.07,29.39,28.26,28.35,123.6,512.2,327.9,0.976790217,0.007748984,0.01576071,4/22/22,HH,6.5,1.08,3,71,4,0,0,0,0,0,0,1,0,76,70,1,1,0,0,0,0,0,0,1,0,66,4,0,0,1,0
PA-118,28-Sep-20,Sep,2,RAINY,8:57,Ducky,11/14/12,AF,3366,9.221917808,Female,8,RM,33,21.03212945,45.78525881,21.21717125,Sara,4,5,0.720756,1.555344,1.569028,1.07566,1.267412,1.164216,0.790313,0.730001852,0.730101622,0.730051737,0.778182963,0.749103077,24.84,24.06,23.79,27.12,26.16,26.07,29.39,28.26,28.35,123.6,512.2,327.9,0.920383193,0,0.079615533,2/1/22,JC,8.5,3.67,4,484,25,0,0,0,1,2,0,0,0,512,140,1,1,0,0,0,1,1,0,0,0,132,7,0,0,0,0
PA-478,22-Feb-21,Feb,7,DRY,7:09,Ducky,11/14/12,AF,3864,10.58630137,Female,8,RM,33,21.03212945,45.78525881,21.21717125,Sara,4,5,0.720756,1.555344,1.569028,1.07566,1.267412,1.164216,0.790313,0.730001852,0.730101622,0.730051737,0.778182963,0.749103077,22.79,22.97,23.14,25.09,25.61,27.07,27.39,28.24,31,29,10.8,10.8,0.920383193,0,0.079615533,6/14/23,MCH,8,3.34,3,130,389,0,0,0,0,0,0,0,1,520,156,1,1,0,0,0,0,0,0,0,1,39,116,0,0,0,0
PA-715,12-Aug-21,2-Aug,13,RAINY,7:10,Ducky,11/14/12,AF,3997,10.95068493,Female,8,RM,33,21.03212945,45.78525881,21.21717125,Sara,4,5,0.720756,1.555344,1.569028,1.07566,1.267412,1.164216,0.790313,0.730001852,0.730101622,0.730051737,0.778182963,0.749103077,23.89,23.94,23.39677419,26.93,26.5,25.73709677,29.97,29.05,28.07741935,153.4,89.8,285.8,0.920383193,0,0.079615533,10/25/23,MCH,6.75,1.52,2,274,49,0,0,0,0,0,0,0,0,323,213,1,1,0,0,0,0,0,0,0,0,180,32,0,0,0,0
PA-030,12-Aug-20,Aug,1,RAINY,9:35,Dudley,1/1/08,AM,5277,14.45753425,Male,2,GN,23,16.07948579,34.67887363,16.64771481,,,,0.663228,1.381571,1.430394,0.855759,1.328901,1.142284,0.739244,0.685529798,0.733495332,0.709512565,0.800760354,0.750617982,25.32,24.84,24.06,27.73,27.12,26.16,30.13,29.39,28.26,195.2,123.6,512.2,0.968751267,0,0.030949515,6/13/22,JC,3.5,1.48,4,92,3,0,0,0,0,0,25,0,58,178,120,1,1,0,0,0,0,0,1,0,1,62,2,0,17,0,39
PA-286,11-Dec-20,Dec,5,DRY,11:40,Dudley,1/1/08,AM,5694,15.6,Male,2,GN,23,16.07948579,34.67887363,16.64771481,,,,0.663228,1.381571,1.430394,0.855759,1.328901,1.142284,0.739244,0.685529798,0.733495332,0.709512565,0.800760354,0.750617982,23.71,22.93,22.79,25.55,24.57,25.09,27.38,26.2,27.39,441.6,681.5,29,0.968751267,0,0.030949515,8/4/23,MCH,8,4.31,3,216,20,109,0,0,0,0,0,0,0,345,80,1,1,1,0,0,0,0,0,0,0,50,5,25,0,0,0
PA-604,14-Apr-21,Apr,9,DRY,8:20,Dudley,1/1/08,AM,5693,15.59726027,Male,2,GN,23,16.07948579,34.67887363,16.64771481,,,,0.663228,1.381571,1.430394,0.855759,1.328901,1.142284,0.739244,0.685529798,0.733495332,0.709512565,0.800760354,0.750617982,23.14,23.77,24.51,27.07,28.25,28.95,31,32.73,33.39,10.8,0.1,94.7,0.968751267,0,0.030949515,8/3/23,MCH,7,2.17,6,410,9,14,0,0,0,0,37,95,2,567,261,1,1,1,0,0,0,0,1,1,1,189,4,6,17,44,1
PA-765,30-Aug-21,2-Aug,13,RAINY,8:40,Dudley,1/1/08,AM,5421,14.85205479,Male,2,GN,23,16.07948579,34.67887363,16.64771481,,,,0.663228,1.381571,1.430394,0.855759,1.328901,1.142284,0.739244,0.685529798,0.733495332,0.709512565,0.800760354,0.750617982,23.89,23.94,23.39677419,26.93,26.5,25.73709677,29.97,29.05,28.07741935,153.4,89.8,285.8,0.968751267,0,0.030949515,11/4/22,JKH,8,3.1,5,308,6,0,0,0,0,0,39,29,29,411,133,1,1,0,0,0,0,0,1,1,1,99,2,0,13,9,9
PA-001,10-Aug-20,Aug,1,RAINY,7:24,Ed,5/14/00,AF,7850,21.50684932,Female,4,RM,33,21.03212945,45.78525881,21.21717125,Pumb,8,4,0.720756,1.555344,1.569028,1.07566,1.267412,1.164216,0.790313,0.730001852,0.730101622,0.730051737,0.778182963,0.749103077,25.32,24.84,24.06,27.73,27.12,26.16,30.13,29.39,28.26,195.2,123.6,512.2,0.920383193,0,0.079615533,11/10/21,JC,3.5,0.89,1,230,0,0,0,0,0,0,0,0,0,230,258,1,0,0,0,0,0,0,0,0,0,258,0,0,0,0,0
PA-349,11-Jan-21,Jan,6,DRY,12:05,Ed,5/14/00,AF,8641,23.6739726,Female,4,RM,33,21.03212945,45.78525881,21.21717125,Pumb,8,4,0.720756,1.555344,1.569028,1.07566,1.267412,1.164216,0.790313,0.730001852,0.730101622,0.730051737,0.778182963,0.749103077,22.93,22.79,22.97,24.57,25.09,25.61,26.2,27.39,28.24,681.5,29,10.8,0.920383193,0,0.079615533,1/10/24,MCH,6.5,1.86,1,15,0,0,0,0,0,0,0,0,0,15,8,1,0,0,0,0,0,0,0,0,0,8,0,0,0,0,0
PA-140,7-Oct-20,Oct,3,RAINY,6:47,ElvisCrespo,1/1/09,AM,4982,13.64931507,Male,1,GN,23,16.07948579,34.67887363,16.64771481,,,,0.663228,1.381571,1.430394,0.855759,1.328901,1.142284,0.739244,0.685529798,0.733495332,0.709512565,0.800760354,0.750617982,24.06,23.79,23.71,26.16,26.07,25.55,28.26,28.35,27.38,512.2,327.9,441.6,0.968751267,0,0.030949515,8/23/22,JC,7,3.7,3,603,10,0,0,0,0,0,0,0,152,765,207,1,1,0,0,0,0,0,0,0,1,163,3,0,0,0,41
PA-474,18-Feb-21,Feb,7,DRY,9:10,ElvisCrespo,1/1/09,AM,5366,14.70136986,Male,1,GN,23,16.07948579,34.67887363,16.64771481,,,,0.663228,1.381571,1.430394,0.855759,1.328901,1.142284,0.739244,0.685529798,0.733495332,0.709512565,0.800760354,0.750617982,22.79,22.97,23.14,25.09,25.61,27.07,27.39,28.24,31,29,10.8,10.8,0.968751267,0,0.030949515,9/11/23,MCH,8.4,4.16,4,440,8,0,0,0,0,0,1,0,1,450,108,1,1,0,0,0,0,0,1,0,1,106,2,0,0,0,0
PA-692,10-Aug-21,2-Aug,13,RAINY,9:00,ElvisCrespo,1/1/09,AM,4933,13.51506849,Male,1,GN,23,16.07948579,34.67887363,16.64771481,,,,0.663228,1.381571,1.430394,0.855759,1.328901,1.142284,0.739244,0.685529798,0.733495332,0.709512565,0.800760354,0.750617982,23.89,23.94,23.39677419,26.93,26.5,25.73709677,29.97,29.05,28.07741935,153.4,89.8,285.8,0.968751267,0,0.030949515,7/5/22,JKH,7,1.63,2,1033,4,0,0,0,0,0,0,0,0,1037,636,1,1,0,0,0,0,0,0,0,0,634,2,0,0,0,0
PA-059,24-Aug-20,Aug,1,RAINY,7:46,Espresso,3/15/13,SAM,3401,9.317808219,Male,4,BC,11,6.239286861,14.38237505,6.65000538,Blan,0,0,0.764825,1.654134,1.763022,0.940414,1.446859,1.241749,0.527725,0.708542361,0.747128209,0.727835285,0.802074132,0.761232692,25.32,24.84,24.06,27.73,27.12,26.16,30.13,29.39,28.26,195.2,123.6,512.2,0.991626877,0.008079309,0,7/7/22,JKH/JC,3.5,2.03,5,699,69,0,0,4,0,1,0,0,5,778,383,1,1,0,0,1,0,1,0,0,1,344,34,0,0,0,2
PA-538,18-Mar-21,Mar,8,DRY,7:35,Espresso,3/15/13,SAM,3682,10.08767123,Male,4,BC,11,6.239286861,14.38237505,6.65000538,Blan,0,0,0.764825,1.654134,1.763022,0.940414,1.446859,1.241749,0.527725,0.708542361,0.747128209,0.727835285,0.802074132,0.761232692,22.97,23.14,23.77,25.61,27.07,28.25,28.24,31,32.73,10.8,10.8,0.1,0.991626877,0.008079309,0,4/14/23,MCH,7,2.08,3,191,8,0,0,0,1,0,0,0,0,200,96,1,1,0,0,0,1,0,0,0,0,92,4,0,0,0,0
PA-724,18-Aug-21,2-Aug,13,RAINY,7:50,Espresso,3/15/13,SAM,3535,9.684931507,Male,4,BC,11,6.239286861,14.38237505,6.65000538,Blan,0,0,0.764825,1.654134,1.763022,0.940414,1.446859,1.241749,0.527725,0.708542361,0.747128209,0.727835285,0.802074132,0.761232692,23.89,23.94,23.39677419,26.93,26.5,25.73709677,29.97,29.05,28.07741935,153.4,89.8,285.8,0.991626877,0.008079309,0,11/18/22,JKH,6,2.55,2,81,36,0,0,0,0,0,0,0,0,117,46,1,1,0,0,0,0,0,0,0,0,32,14,0,0,0,0
PA-081,14-Sep-20,Sep,2,RAINY,10:00,Fantasia,7/23/08,AF,4958,13.58356164,Female,7,RM,33,21.03212945,45.78525881,21.21717125,Sara,4,5,0.720756,1.555344,1.569028,1.07566,1.267412,1.164216,0.790313,0.730001852,0.730101622,0.730051737,0.778182963,0.749103077,24.84,24.06,23.79,27.12,26.16,26.07,29.39,28.26,28.35,123.6,512.2,327.9,0.920383193,0,0.079615533,2/18/22,HH,7,1.79,1,75,0,0,0,0,0,0,0,0,0,75,42,1,0,0,0,0,0,0,0,0,0,42,0,0,0,0,0
PA-435,8-Feb-21,Feb,7,DRY,11:34,Fantasia,7/23/08,AF,5552,15.2109589,Female,7,RM,33,21.03212945,45.78525881,21.21717125,Sara,4,5,0.720756,1.555344,1.569028,1.07566,1.267412,1.164216,0.790313,0.730001852,0.730101622,0.730051737,0.778182963,0.749103077,22.79,22.97,23.14,25.09,25.61,27.07,27.39,28.24,31,29,10.8,10.8,0.920383193,0,0.079615533,10/5/23,MCH,8,2.94,4,573,6,0,0,0,3,0,0,4,0,586,199,1,1,0,0,0,1,0,0,1,0,195,2,0,0,1,0
PA-008,10-Aug-20,Aug,1,RAINY,10:08,Fidget,8/25/14,LJM,2840,7.780821918,Male,,RM,33,21.03212945,45.78525881,21.21717125,Limp,9,7,0.720756,1.555344,1.569028,1.07566,1.267412,1.164216,0.790313,0.730001852,0.730101622,0.730051737,0.778182963,0.749103077,25.32,24.84,24.06,27.73,27.12,26.16,30.13,29.39,28.26,195.2,123.6,512.2,0.920383193,0,0.079615533,6/4/22,HH/JC,3,0.51,2,101,0,0,0,0,0,0,0,0,2,103,202,1,0,0,0,0,0,0,0,0,1,198,0,0,0,0,4
PA-271,8-Dec-20,Dec,5,DRY,11:00,Fidget,8/25/14,LJM,3308,9.063013699,Male,,RM,33,21.03212945,45.78525881,21.21717125,Limp,9,7,0.720756,1.555344,1.569028,1.07566,1.267412,1.164216,0.790313,0.730001852,0.730101622,0.730051737,0.778182963,0.749103077,23.71,22.93,22.79,25.55,24.57,25.09,27.38,26.2,27.39,441.6,681.5,29,0.920383193,0,0.079615533,9/15/23,MCH,7.5,4.67,2,62,116,0,0,0,0,0,0,0,0,178,38,1,1,0,0,0,0,0,0,0,0,13,25,0,0,0,0
PA-522,10-Mar-21,Mar,8,DRY,10:40,Fidget,8/25/14,LJM,3321,9.098630137,Male,,RM,33,21.03212945,45.78525881,21.21717125,Limp,9,7,0.720756,1.555344,1.569028,1.07566,1.267412,1.164216,0.790313,0.730001852,0.730101622,0.730051737,0.778182963,0.749103077,22.97,23.14,23.77,25.61,27.07,28.25,28.24,31,32.73,10.8,10.8,0.1,0.920383193,0,0.079615533,9/28/23,MCH,7,2.9,2,5,4,0,0,0,0,0,0,0,0,9,3,1,1,0,0,0,0,0,0,0,0,2,1,0,0,0,0
PA-009,10-Aug-20,Aug,1,RAINY,10:19,Figaro,2/18/09,AM,4858,13.30958904,Male,4,RM,33,21.03212945,45.78525881,21.21717125,Timo,0,0,0.720756,1.555344,1.569028,1.07566,1.267412,1.164216,0.790313,0.730001852,0.730101622,0.730051737,0.778182963,0.749103077,25.32,24.84,24.06,27.73,27.12,26.16,30.13,29.39,28.26,195.2,123.6,512.2,0.920383193,0,0.079615533,6/8/22,JC,3.5,2.23,1,82,0,0,0,0,0,0,0,0,0,82,37,1,0,0,0,0,0,0,0,0,0,37,0,0,0,0,0
PA-226,24-Nov-20,Nov,4,RAINY,10:47,Figaro,2/18/09,AM,5095,13.95890411,Male,4,RM,33,21.03212945,45.78525881,21.21717125,Timo,0,0,0.720756,1.555344,1.569028,1.07566,1.267412,1.164216,0.790313,0.730001852,0.730101622,0.730051737,0.778182963,0.749103077,23.79,23.71,22.93,26.07,25.55,24.57,28.35,27.38,26.2,327.9,441.6,681.5,0.920383193,0,0.079615533,1/31/23,MCH,7,2.31,2,125,31,0,0,0,0,0,0,0,0,156,68,1,1,0,0,0,0,0,0,0,0,54,13,0,0,0,0
PA-489,22-Feb-21,Feb,7,DRY,11:30,Figaro,2/18/09,AM,5439,14.90136986,Male,4,RM,33,21.03212945,45.78525881,21.21717125,Timo,0,0,0.720756,1.555344,1.569028,1.07566,1.267412,1.164216,0.790313,0.730001852,0.730101622,0.730051737,0.778182963,0.749103077,22.79,22.97,23.14,25.09,25.61,27.07,27.39,28.24,31,29,10.8,10.8,0.920383193,0,0.079615533,1/10/24,MCH,8,2.16,4,24,3,0,0,0,0,0,21,0,39,87,40,1,1,0,0,0,0,0,1,0,1,11,1,0,10,0,18
PA-020,11-Aug-20,Aug,1,RAINY,10:41,Firenze,5/3/17,LJM,1844,5.052054795,Male,,BC,11,6.239286861,14.38237505,6.65000538,Mrsw,6,4,0.764825,1.654134,1.763022,0.940414,1.446859,1.241749,0.527725,0.708542361,0.747128209,0.727835285,0.802074132,0.761232692,25.32,24.84,24.06,27.73,27.12,26.16,30.13,29.39,28.26,195.2,123.6,512.2,0.991626877,0.008079309,0,5/21/22,JC,3,0.7,4,17,0,0,0,0,0,0,34,3,131,185,264,1,0,0,0,0,0,0,1,1,1,24,0,0,49,4,187
PA-212,16-Nov-20,Nov,4,RAINY,10:47,Firenze,5/3/17,LJM,2322,6.361643836,Male,,BC,11,6.239286861,14.38237505,6.65000538,Mrsw,6,4,0.764825,1.654134,1.763022,0.940414,1.446859,1.241749,0.527725,0.708542361,0.747128209,0.727835285,0.802074132,0.761232692,23.79,23.71,22.93,26.07,25.55,24.57,28.35,27.38,26.2,327.9,441.6,681.5,0.991626877,0.008079309,0,9/11/23,MCH,7.4,3.25,2,6,33,0,0,0,0,0,0,0,0,39,12,1,1,0,0,0,0,0,0,0,0,2,10,0,0,0,0
PA-398,26-Jan-21,Jan,6,DRY,7:32,Firenze,5/3/17,LJM,2171,5.947945205,Male,,BC,11,6.239286861,14.38237505,6.65000538,Mrsw,6,4,0.764825,1.654134,1.763022,0.940414,1.446859,1.241749,0.527725,0.708542361,0.747128209,0.727835285,0.802074132,0.761232692,22.93,22.79,22.97,24.57,25.09,25.61,26.2,27.39,28.24,681.5,29,10.8,0.991626877,0.008079309,0,4/13/23,MCH,8.4,2.72,3,16,6,0,0,0,1,0,0,0,0,23,8,1,1,0,0,0,1,0,0,0,0,6,2,0,0,0,0
PA-150,14-Oct-20,Oct,3,RAINY,8:08,Fresa,8/27/14,AF,2802,7.676712329,Female,4,LV,30,12.81671162,35.0544688,15.39024269,Blan,19,11,0.855811,1.949287,2.340694,1.841247,1.469938,1.341847,0.961201,0.713424854,0.743786629,0.728605741,0.802280702,0.760921515,24.06,23.79,23.71,26.16,26.07,25.55,28.26,28.35,27.38,512.2,327.9,441.6,0.976790217,0.007748984,0.01576071,4/29/22,HH,6,1.01,4,127,2,0,0,0,0,0,13,0,27,169,167,1,1,0,0,0,0,0,1,0,1,126,2,0,13,0,27
PA-535,17-Mar-21,Mar,8,DRY,11:42,Fresa,8/27/14,AF,3423,9.378082192,Female,4,LV,30,12.81671162,35.0544688,15.39024269,Blan,19,11,0.855811,1.949287,2.340694,1.841247,1.469938,1.341847,0.961201,0.713424854,0.743786629,0.728605741,0.802280702,0.760921515,22.97,23.14,23.77,25.61,27.07,28.25,28.24,31,32.73,10.8,10.8,0.1,0.976790217,0.007748984,0.01576071,1/10/24,MCH,7,2.19,2,103,9,0,0,0,0,0,0,0,0,112,51,1,1,0,0,0,0,0,0,0,0,47,4,0,0,0,0
PA-763,30-Aug-21,2-Aug,13,RAINY,8:30,Gabrielle,4/25/13,AF,3556,9.742465753,Female,7,GN,23,16.07948579,34.67887363,16.64771481,Fleu,3,2,0.663228,1.381571,1.430394,0.855759,1.328901,1.142284,0.739244,0.685529798,0.733495332,0.709512565,0.800760354,0.750617982,23.89,23.94,23.39677419,26.93,26.5,25.73709677,29.97,29.05,28.07741935,153.4,89.8,285.8,0.968751267,0,0.030949515,1/19/23,JKH,7.5,2.36,6,134,1,0,0,0,1,0,105,10,183,434,184,1,1,0,0,0,1,0,1,1,1,57,0,0,44,4,78
PA-011,10-Aug-20,Aug,1,RAINY,11:15,HenWen,8/31/16,LJF,2072,5.676712329,Female,,RM,33,21.03212945,45.78525881,21.21717125,Limp,9,7,0.720756,1.555344,1.569028,1.07566,1.267412,1.164216,0.790313,0.730001852,0.730101622,0.730051737,0.778182963,0.749103077,25.32,24.84,24.06,27.73,27.12,26.16,30.13,29.39,28.26,195.2,123.6,512.2,0.920383193,0,0.079615533,5/4/22,JC,3.5,2.15,3,630,10,0,0,0,0,0,0,1,0,641,298,1,1,0,0,0,0,0,0,1,0,293,5,0,0,0,0
PA-163,15-Oct-20,Oct,3,RAINY,8:48,HenWen,8/31/16,LJF,2123,5.816438356,Female,,RM,33,21.03212945,45.78525881,21.21717125,Limp,9,7,0.720756,1.555344,1.569028,1.07566,1.267412,1.164216,0.790313,0.730001852,0.730101622,0.730051737,0.778182963,0.749103077,24.06,23.79,23.71,26.16,26.07,25.55,28.26,28.35,27.38,512.2,327.9,441.6,0.920383193,0,0.079615533,6/24/22,JC/HH,6.5,4.63,2,181,69,0,0,0,0,0,0,0,0,250,54,1,1,0,0,0,0,0,0,0,0,39,15,0,0,0,0
PA-513,10-Mar-21,Mar,8,DRY,8:19,HenWen,8/31/16,LJF,2466,6.756164384,Female,,RM,33,21.03212945,45.78525881,21.21717125,Limp,9,7,0.720756,1.555344,1.569028,1.07566,1.267412,1.164216,0.790313,0.730001852,0.730101622,0.730051737,0.778182963,0.749103077,22.97,23.14,23.77,25.61,27.07,28.25,28.24,31,32.73,10.8,10.8,0.1,0.920383193,0,0.079615533,6/2/23,MCH,7,2.92,2,70,11,0,0,0,0,0,0,0,0,81,28,1,1,0,0,0,0,0,0,0,0,24,4,0,0,0,0
PA-026,12-Aug-20,Aug,1,RAINY,7:33,Hippogriff,6/27/11,AF,3935,10.78082192,Female,6,GN,23,16.07948579,34.67887363,16.64771481,Fleu,3,2,0.663228,1.381571,1.430394,0.855759,1.328901,1.142284,0.739244,0.685529798,0.733495332,0.709512565,0.800760354,0.750617982,25.32,24.84,24.06,27.73,27.12,26.16,30.13,29.39,28.26,195.2,123.6,512.2,0.968751267,0,0.030949515,4/5/22,JC,4.5,1.7,4,13,0,0,0,0,0,0,38,55,30,136,80,1,0,0,0,0,0,0,1,1,1,8,0,0,22,32,18
PA-276,11-Dec-20,Dec,5,DRY,8:08,Hippogriff,6/27/11,AF,4447,12.18356164,Female,6,GN,23,16.07948579,34.67887363,16.64771481,Fleu,3,2,0.663228,1.381571,1.430394,0.855759,1.328901,1.142284,0.739244,0.685529798,0.733495332,0.709512565,0.800760354,0.750617982,23.71,22.93,22.79,25.55,24.57,25.09,27.38,26.2,27.39,441.6,681.5,29,0.968751267,0,0.030949515,8/30/23,MCH,6.5,1.35,4,3547,160,0,0,4,0,0,0,1,0,3712,2750,1,1,0,0,1,0,0,0,1,0,2627,119,0,0,1,0
PA-687,10-Aug-21,2-Aug,13,RAINY,7:16,Hippogriff,6/27/11,AF,3970,10.87671233,Female,6,GN,23,16.07948579,34.67887363,16.64771481,Fleu,3,2,0.663228,1.381571,1.430394,0.855759,1.328901,1.142284,0.739244,0.685529798,0.733495332,0.709512565,0.800760354,0.750617982,23.89,23.94,23.39677419,26.93,26.5,25.73709677,29.97,29.05,28.07741935,153.4,89.8,285.8,0.968751267,0,0.030949515,5/10/22,JKH,6.8,1.7,3,494,0,0,0,0,0,0,0,2,2,498,293,1,0,0,0,0,0,0,0,1,1,291,0,0,0,1,1
PA-112,22-Sep-20,Sep,2,RAINY,9:10,Honeydukes,5/20/14,LJF,2905,7.95890411,Female,7,GN,23,16.07948579,34.67887363,16.64771481,Maxi,4,4,0.663228,1.381571,1.430394,0.855759,1.328901,1.142284,0.739244,0.685529798,0.733495332,0.709512565,0.800760354,0.750617982,24.84,24.06,23.79,27.12,26.16,26.07,29.39,28.26,28.35,123.6,512.2,327.9,0.968751267,0,0.030949515,5/3/22,JC/JKH,7,3.9,4,95,16,0,0,0,0,0,1,0,19,131,34,1,1,0,0,0,0,0,1,0,1,24,4,0,0,0,5
PA-327,7-Jan-21,Jan,6,DRY,11:16,Honeydukes,5/20/14,AF,3516,9.632876712,Female,7,GN,23,16.07948579,34.67887363,16.64771481,Maxi,4,4,0.663228,1.381571,1.430394,0.855759,1.328901,1.142284,0.739244,0.685529798,0.733495332,0.709512565,0.800760354,0.750617982,22.93,22.79,22.97,24.57,25.09,25.61,26.2,27.39,28.24,681.5,29,10.8,0.968751267,0,0.030949515,1/4/24,MCH,7.5,1.77,5,7,1,0,0,0,0,0,27,30,30,95,54,1,1,0,0,0,0,0,1,1,1,4,1,0,15,17,17
PA-694,10-Aug-21,2-Aug,13,RAINY,9:49,Honeydukes,5/20/14,AF,3076,8.42739726,Female,7,GN,23,16.07948579,34.67887363,16.64771481,Maxi,4,4,0.663228,1.381571,1.430394,0.855759,1.328901,1.142284,0.739244,0.685529798,0.733495332,0.709512565,0.800760354,0.750617982,23.89,23.94,23.39677419,26.93,26.5,25.73709677,29.97,29.05,28.07741935,153.4,89.8,285.8,0.968751267,0,0.030949515,10/21/22,JKH,7,1.85,3,32,3,0,0,0,0,0,0,0,1,36,19,1,1,0,0,0,0,0,0,0,1,17,2,0,0,0,1
PA-050,19-Aug-20,Aug,1,RAINY,9:15,Hufflepuff,5/22/09,AM,4777,13.08767123,Male,1,LV,30,12.81671162,35.0544688,15.39024269,,,,0.855811,1.949287,2.340694,1.841247,1.469938,1.341847,0.961201,0.713424854,0.743786629,0.728605741,0.802280702,0.760921515,25.32,24.84,24.06,27.73,27.12,26.16,30.13,29.39,28.26,195.2,123.6,512.2,0.976790217,0.007748984,0.01576071,6/20/22,JC,2.5,0.86,3,88,0,0,0,0,0,0,33,0,83,204,237,1,0,0,0,0,0,0,1,0,1,102,0,0,38,0,97
PA-566,7-Apr-21,Apr,9,DRY,9:30,Hufflepuff,5/22/09,AM,5235,14.34246575,Male,1,LV,30,12.81671162,35.0544688,15.39024269,,,,0.855811,1.949287,2.340694,1.841247,1.469938,1.341847,0.961201,0.713424854,0.743786629,0.728605741,0.802280702,0.760921515,23.14,23.77,24.51,27.07,28.25,28.95,31,32.73,33.39,10.8,0.1,94.7,0.976790217,0.007748984,0.01576071,9/21/23,MCH,7.75,3.13,2,77,33,0,0,0,0,0,0,0,0,110,35,1,1,0,0,0,0,0,0,0,0,25,11,0,0,0,0
PA-493,1-Mar-21,Mar,8,DRY,9:30,HungarianHorntail,5/19/12,AF,4247,11.63561644,Female,2,BC,11,6.239286861,14.38237505,6.65000538,Mrsw,6,4,0.764825,1.654134,1.763022,0.940414,1.446859,1.241749,0.527725,0.708542361,0.747128209,0.727835285,0.802074132,0.761232692,22.97,23.14,23.77,25.61,27.07,28.25,28.24,31,32.73,10.8,10.8,0.1,0.991626877,0.008079309,0,1/4/24,MCH,6.5,1.31,2,58,7,0,0,0,0,0,0,0,0,65,50,1,1,0,0,0,0,0,0,0,0,44,5,0,0,0,0
PA-726,18-Aug-21,2-Aug,13,RAINY,9:23,HungarianHorntail,5/19/12,AF,3835,10.50684932,Female,2,BC,11,6.239286861,14.38237505,6.65000538,Mrsw,6,4,0.764825,1.654134,1.763022,0.940414,1.446859,1.241749,0.527725,0.708542361,0.747128209,0.727835285,0.802074132,0.761232692,23.89,23.94,23.39677419,26.93,26.5,25.73709677,29.97,29.05,28.07741935,153.4,89.8,285.8,0.991626877,0.008079309,0,11/18/22,JKH,7,1.85,3,53,4,0,0,0,0,0,0,1,0,58,31,1,1,0,0,0,0,0,0,1,0,29,2,0,0,1,0
PA-294,15-Dec-20,Dec,5,DRY,8:18,Kenai,1/1/09,AM,5390,14.76712329,Male,1,AD,22,11.38186734,42.71048504,13.88406803,,,,0.515096,1.58455,1.932899,1.179157,1.848038,1.728069,1.036729,0.726148264,0.727244932,0.726696598,0.774256771,0.745626099,23.71,22.93,22.79,25.55,24.57,25.09,27.38,26.2,27.39,441.6,681.5,29,0.889842666,0.009383832,0.100944747,10/5/23,MCH,7.25,2.44,2,45,8,0,0,0,0,0,0,0,0,53,22,1,1,0,0,0,0,0,0,0,0,18,3,0,0,0,0
PA-527,16-Mar-21,Mar,8,DRY,9:33,Kenai,1/1/09,AM,5376,14.72876712,Male,1,AD,22,11.38186734,42.71048504,13.88406803,,,,0.515096,1.58455,1.932899,1.179157,1.848038,1.728069,1.036729,0.726148264,0.727244932,0.726696598,0.774256771,0.745626099,22.97,23.14,23.77,25.61,27.07,28.25,28.24,31,32.73,10.8,10.8,0.1,0.889842666,0.009383832,0.100944747,9/21/23,MCH,7.5,3.06,3,447,17,3434,0,0,0,0,0,0,0,3898,1274,1,1,1,0,0,0,0,0,0,0,146,6,1122,0,0,0
PA-669,19-Jul-21,Jul,12,RAINY,8:14,Kenai,1/1/09,AM,4914,13.4630137,Male,1,AD,22,11.38186734,42.71048504,13.88406803,,,,0.515096,1.58455,1.932899,1.179157,1.848038,1.728069,1.036729,0.726148264,0.727244932,0.726696598,0.774256771,0.745626099,24.51,23.89,23.94,27.84,26.93,26.5,31.1,29.97,29.05,128.4,153.4,89.8,0.889842666,0.009383832,0.100944747,6/16/22,JKH,7,2.08,2,278,12,0,0,0,0,0,0,0,0,290,139,1,1,0,0,0,0,0,0,0,0,134,6,0,0,0,0
PA-704,11-Aug-21,2-Aug,13,RAINY,9:10,Kenai,1/1/09,AM,5048,13.83013699,Male,1,AD,22,11.38186734,42.71048504,13.88406803,,,,0.515096,1.58455,1.932899,1.179157,1.848038,1.728069,1.036729,0.726148264,0.727244932,0.726696598,0.774256771,0.745626099,23.89,23.94,23.39677419,26.93,26.5,25.73709677,29.97,29.05,28.07741935,153.4,89.8,285.8,0.889842666,0.009383832,0.100944747,10/28/22,JKH,6,2.04,2,65,61,0,0,0,0,0,0,0,0,126,62,1,1,0,0,0,0,0,0,0,0,32,30,0,0,0,0
PA-752,26-Aug-21,2-Aug,13,RAINY,10:40,Kenai,1/1/09,AM,5145,14.09589041,Male,1,AD,22,11.38186734,42.71048504,13.88406803,,,,0.515096,1.58455,1.932899,1.179157,1.848038,1.728069,1.036729,0.726148264,0.727244932,0.726696598,0.774256771,0.745626099,23.89,23.94,23.39677419,26.93,26.5,25.73709677,29.97,29.05,28.07741935,153.4,89.8,285.8,0.889842666,0.009383832,0.100944747,2/2/23,JKH,6.9,2.28,2,1554,30,0,0,0,0,0,0,0,0,1584,695,1,1,0,0,0,0,0,0,0,0,682,13,0,0,0,0
PA-384,25-Jan-21,Jan,6,DRY,7:50,Kopa,3/3/19,SJF,1767,4.84109589,Female,,RM,33,21.03212945,45.78525881,21.21717125,Limp,9,7,0.720756,1.555344,1.569028,1.07566,1.267412,1.164216,0.790313,0.730001852,0.730101622,0.730051737,0.778182963,0.749103077,22.93,22.79,22.97,24.57,25.09,25.61,26.2,27.39,28.24,681.5,29,10.8,0.920383193,0,0.079615533,1/3/24,MCH,7.75,4.29,1,0,168,0,0,0,0,0,0,0,0,168,39,0,1,0,0,0,0,0,0,0,0,0,39,0,0,0,0
PA-662,6-Jul-21,Jul,12,RAINY,7:04,Kopa,3/3/19,SJF,1229,3.367123288,Female,,RM,33,21.03212945,45.78525881,21.21717125,Limp,9,7,0.720756,1.555344,1.569028,1.07566,1.267412,1.164216,0.790313,0.730001852,0.730101622,0.730051737,0.778182963,0.749103077,24.51,23.89,23.94,27.84,26.93,26.5,31.1,29.97,29.05,128.4,153.4,89.8,0.920383193,0,0.079615533,7/14/22,JKH,7,1.19,3,2,9,0,0,0,0,2,0,0,0,13,11,1,1,0,0,0,0,1,0,0,0,2,8,0,0,0,0
PA-006,10-Aug-20,Aug,1,RAINY,9:01,Kovu,1/1/09,AM,4895,13.4109589,Male,1,RM,33,21.03212945,45.78525881,21.21717125,,,,0.720756,1.555344,1.569028,1.07566,1.267412,1.164216,0.790313,0.730001852,0.730101622,0.730051737,0.778182963,0.749103077,25.32,24.84,24.06,27.73,27.12,26.16,30.13,29.39,28.26,195.2,123.6,512.2,0.920383193,0,0.079615533,5/28/22,JC,3.5,2.66,2,397,0,0,0,0,0,0,0,1,0,398,150,1,0,0,0,0,0,0,0,1,0,149,0,0,0,0,0
PA-315,22-Dec-20,Dec,5,DRY,7:16,Kovu,1/1/09,AM,5124,14.03835616,Male,1,RM,33,21.03212945,45.78525881,21.21717125,,,,0.720756,1.555344,1.569028,1.07566,1.267412,1.164216,0.790313,0.730001852,0.730101622,0.730051737,0.778182963,0.749103077,23.71,22.93,22.79,25.55,24.57,25.09,27.38,26.2,27.39,441.6,681.5,29,0.920383193,0,0.079615533,1/12/23,MCH,8.5,5.6,3,537,79,0,0,0,0,0,0,0,1,617,110,1,1,0,0,0,0,0,0,0,1,96,14,0,0,0,0
PA-594,13-Apr-21,Apr,9,DRY,8:40,Kovu,1/1/09,AM,5327,14.59452055,Male,1,RM,33,21.03212945,45.78525881,21.21717125,,,,0.720756,1.555344,1.569028,1.07566,1.267412,1.164216,0.790313,0.730001852,0.730101622,0.730051737,0.778182963,0.749103077,23.14,23.77,24.51,27.07,28.25,28.95,31,32.73,33.39,10.8,0.1,94.7,0.920383193,0,0.079615533,8/3/23,MCH,7.75,2,5,105,20,0,0,0,0,0,42,33,77,277,139,1,1,0,0,0,0,0,1,1,1,53,10,0,21,17,39
PA-083,14-Sep-20,Sep,2,RAINY,10:50,Lady,4/28/09,AF,4593,12.58356164,Female,9,RM,33,21.03212945,45.78525881,21.21717125,Pumb,8,4,0.720756,1.555344,1.569028,1.07566,1.267412,1.164216,0.790313,0.730001852,0.730101622,0.730051737,0.778182963,0.749103077,24.84,24.06,23.79,27.12,26.16,26.07,29.39,28.26,28.35,123.6,512.2,327.9,0.920383193,0,0.079615533,11/24/21,JC,6.25,1.31,3,7,2,0,0,0,0,0,0,0,1,10,8,1,1,0,0,0,0,0,0,0,1,5,2,0,0,0,1
PA-428,8-Feb-21,Feb,7,DRY,8:30,Lady,4/28/09,AF,5370,14.71232877,Female,9,RM,33,21.03212945,45.78525881,21.21717125,Pumb,8,4,0.720756,1.555344,1.569028,1.07566,1.267412,1.164216,0.790313,0.730001852,0.730101622,0.730051737,0.778182963,0.749103077,22.79,22.97,23.14,25.09,25.61,27.07,27.39,28.24,31,29,10.8,10.8,0.920383193,0,0.079615533,1/10/24,MCH,7.5,1.8,2,249,6,0,0,0,0,0,0,0,0,255,142,1,1,0,0,0,0,0,0,0,0,138,3,0,0,0,0
PA-041,18-Aug-20,Aug,1,RAINY,9:40,Lampwick,12/8/09,AF,4535,12.42465753,Female,4,AD,22,11.38186734,42.71048504,13.88406803,Seri,7,6,0.515096,1.58455,1.932899,1.179157,1.848038,1.728069,1.036729,0.726148264,0.727244932,0.726696598,0.774256771,0.745626099,25.32,24.84,24.06,27.73,27.12,26.16,30.13,29.39,28.26,195.2,123.6,512.2,0.889842666,0.009383832,0.100944747,5/9/22,JC,4.5,3.23,5,181,1,0,0,0,0,0,127,4,486,799,247,1,1,0,0,0,0,0,1,1,1,56,0,0,39,1,150
PA-677,19-Jul-21,Jul,12,RAINY,10:00,Lampwick,12/8/09,AF,4665,12.78082192,Female,4,AD,22,11.38186734,42.71048504,13.88406803,Seri,7,6,0.515096,1.58455,1.932899,1.179157,1.848038,1.728069,1.036729,0.726148264,0.727244932,0.726696598,0.774256771,0.745626099,24.51,23.89,23.94,27.84,26.93,26.5,31.1,29.97,29.05,128.4,153.4,89.8,0.889842666,0.009383832,0.100944747,9/16/22,JKH,6.5,2.62,2,387,3,0,0,0,0,0,0,0,0,390,149,1,1,0,0,0,0,0,0,0,0,148,1,0,0,0,0
PA-301,15-Dec-20,Dec,5,DRY,11:18,Lando,3/7/17,LJM,2369,6.490410959,Male,,AD,22,11.38186734,42.71048504,13.88406803,Seri,7,6,0.515096,1.58455,1.932899,1.179157,1.848038,1.728069,1.036729,0.726148264,0.727244932,0.726696598,0.774256771,0.745626099,23.71,22.93,22.79,25.55,24.57,25.09,27.38,26.2,27.39,441.6,681.5,29,0.889842666,0.009383832,0.100944747,9/1/23,MCH,8.25,5.72,3,112,57,0,0,0,0,0,0,1,0,170,30,1,1,0,0,0,0,0,0,1,0,20,10,0,0,0,0
PA-698,11-Aug-21,2-Aug,13,RAINY,7:57,Lando,3/7/17,LJM,1962,5.375342466,Male,,AD,22,11.38186734,42.71048504,13.88406803,Seri,7,6,0.515096,1.58455,1.932899,1.179157,1.848038,1.728069,1.036729,0.726148264,0.727244932,0.726696598,0.774256771,0.745626099,23.89,23.94,23.39677419,26.93,26.5,25.73709677,29.97,29.05,28.07741935,153.4,89.8,285.8,0.889842666,0.009383832,0.100944747,7/21/22,JKH,7.2,2.3,2,132,14,0,0,0,0,0,0,0,0,146,63,1,1,0,0,0,0,0,0,0,0,57,6,0,0,0,0
PA-075,14-Sep-20,Sep,2,RAINY,7:43,Lefou,1/1/11,SAM,4218,11.55616438,Male,2,RM,33,21.03212945,45.78525881,21.21717125,,,,0.720756,1.555344,1.569028,1.07566,1.267412,1.164216,0.790313,0.730001852,0.730101622,0.730051737,0.778182963,0.749103077,24.84,24.06,23.79,27.12,26.16,26.07,29.39,28.26,28.35,123.6,512.2,327.9,0.920383193,0,0.079615533,7/20/22,JC,6.5,1.81,1,232,0,0,0,0,0,0,0,0,0,232,128,1,0,0,0,0,0,0,0,0,0,128,0,0,0,0,0
PA-387,25-Jan-21,Jan,6,DRY,9:56,Lefou,1/1/11,AM,4540,12.43835616,Male,2,RM,33,21.03212945,45.78525881,21.21717125,,,,0.720756,1.555344,1.569028,1.07566,1.267412,1.164216,0.790313,0.730001852,0.730101622,0.730051737,0.778182963,0.749103077,22.93,22.79,22.97,24.57,25.09,25.61,26.2,27.39,28.24,681.5,29,10.8,0.920383193,0,0.079615533,6/7/23,MCH,6.4,3.37,3,194,9,0,0,0,0,0,0,0,1,204,61,1,1,0,0,0,0,0,0,0,1,58,3,0,0,0,0
PA-261,8-Dec-20,Dec,5,DRY,7:50,Legolas,5/1/94,AM,10762,29.48493151,Male,5,RM,33,21.03212945,45.78525881,21.21717125,Blan,0,0,0.720756,1.555344,1.569028,1.07566,1.267412,1.164216,0.790313,0.730001852,0.730101622,0.730051737,0.778182963,0.749103077,23.71,22.93,22.79,25.55,24.57,25.09,27.38,26.2,27.39,441.6,681.5,29,0.920383193,0,0.079615533,10/18/23,MCH,7.5,1.92,2,1108,8,0,0,0,0,0,0,0,0,1116,581,1,1,0,0,0,0,0,0,0,0,577,4,0,0,0,0
PA-488,22-Feb-21,Feb,7,DRY,10:45,Legolas,5/1/94,AM,10762,29.48493151,Male,5,RM,33,21.03212945,45.78525881,21.21717125,Blan,0,0,0.720756,1.555344,1.569028,1.07566,1.267412,1.164216,0.790313,0.730001852,0.730101622,0.730051737,0.778182963,0.749103077,22.79,22.97,23.14,25.09,25.61,27.07,27.39,28.24,31,29,10.8,10.8,0.920383193,0,0.079615533,10/18/23,MCH,8.5,2.17,4,219,1,0,0,0,0,0,2,0,13,235,108,1,1,0,0,0,0,0,1,0,1,101,0,0,1,0,6
PA-759,27-Aug-21,2-Aug,13,RAINY,12:00,Legolas,5/1/94,AM,10456,28.64657534,Male,5,RM,33,21.03212945,45.78525881,21.21717125,Blan,0,0,0.720756,1.555344,1.569028,1.07566,1.267412,1.164216,0.790313,0.730001852,0.730101622,0.730051737,0.778182963,0.749103077,23.89,23.94,23.39677419,26.93,26.5,25.73709677,29.97,29.05,28.07741935,153.4,89.8,285.8,0.920383193,0,0.079615533,12/16/22,MCH,6.5,1.52,2,207,15,0,0,0,0,0,0,0,0,222,146,1,1,0,0,0,0,0,0,0,0,136,10,0,0,0,0
PA-017,11-Aug-20,Aug,1,RAINY,9:08,Leviosa,2/25/17,LJF,1698,4.652054795,Female,,BC,11,6.239286861,14.38237505,6.65000538,Rita,2,2,0.764825,1.654134,1.763022,0.940414,1.446859,1.241749,0.527725,0.708542361,0.747128209,0.727835285,0.802074132,0.761232692,25.32,24.84,24.06,27.73,27.12,26.16,30.13,29.39,28.26,195.2,123.6,512.2,0.991626877,0.008079309,0,10/20/21,JC/MCH,4,1.82,4,9,0,0,0,0,0,0,34,1,209,253,139,1,0,0,0,0,0,0,1,1,1,5,0,0,19,1,115
PA-442,10-Feb-21,Feb,7,DRY,9:30,Leviosa,2/25/17,LJF,2292,6.279452055,Female,,BC,11,6.239286861,14.38237505,6.65000538,Rita,2,2,0.764825,1.654134,1.763022,0.940414,1.446859,1.241749,0.527725,0.708542361,0.747128209,0.727835285,0.802074132,0.761232692,22.79,22.97,23.14,25.09,25.61,27.07,27.39,28.24,31,29,10.8,10.8,0.991626877,0.008079309,0,6/6/23,MCH,6.8,1.69,2,35,3,0,0,0,0,0,0,0,0,38,22,1,1,0,0,0,0,0,0,0,0,21,2,0,0,0,0
PA-722,18-Aug-21,2-Aug,13,RAINY,7:33,Leviosa,2/25/17,LJF,1997,5.471232877,Female,,BC,11,6.239286861,14.38237505,6.65000538,Rita,2,2,0.764825,1.654134,1.763022,0.940414,1.446859,1.241749,0.527725,0.708542361,0.747128209,0.727835285,0.802074132,0.761232692,23.89,23.94,23.39677419,26.93,26.5,25.73709677,29.97,29.05,28.07741935,153.4,89.8,285.8,0.991626877,0.008079309,0,8/15/22,JC,7,2.07,1,112,0,0,0,0,0,0,0,0,0,112,54,1,0,0,0,0,0,0,0,0,0,54,0,0,0,0,0
PA-003,10-Aug-20,Aug,1,RAINY,8:35,LJF,,LJF,,,Female,,RM,33,21.03212945,45.78525881,21.21717125,,,,0.720756,1.555344,1.569028,1.07566,1.267412,1.164216,0.790313,0.730001852,0.730101622,0.730051737,0.778182963,0.749103077,25.32,24.84,24.06,27.73,27.12,26.16,30.13,29.39,28.26,195.2,123.6,512.2,0.920383193,0,0.079615533,8/30/21,HH,3.5,1.45,4,158,1,0,0,0,0,0,1,2,0,162,112,1,1,0,0,0,0,0,1,1,0,109,1,0,1,1,0
PA-191,30-Oct-20,Oct,3,RAINY,8:57,LJF,,LJF,,,Female,,LV,30,12.81671162,35.0544688,15.39024269,,,,0.855811,1.949287,2.340694,1.841247,1.469938,1.341847,0.961201,0.713424854,0.743786629,0.728605741,0.802280702,0.760921515,24.06,23.79,23.71,26.16,26.07,25.55,28.26,28.35,27.38,512.2,327.9,441.6,0.976790217,0.007748984,0.01576071,10/4/21,HH,6.5,1.34,4,0,9,0,0,0,0,0,1,7,10,27,20,0,1,0,0,0,0,0,1,1,1,0,7,0,1,5,7
PA-069,31-Aug-20,Aug,1,RAINY,9:18,LJM,,LJM,,,Male,,GN,23,16.07948579,34.67887363,16.64771481,,,,0.663228,1.381571,1.430394,0.855759,1.328901,1.142284,0.739244,0.685529798,0.733495332,0.709512565,0.800760354,0.750617982,25.32,24.84,24.06,27.73,27.12,26.16,30.13,29.39,28.26,195.2,123.6,512.2,0.968751267,0,0.030949515,7/29/21,MCH,4,2.81,2,132,34,0,0,0,0,0,0,0,0,166,59,1,1,0,0,0,0,0,0,0,0,47,12,0,0,0,0
PA-106,22-Sep-20,Sep,2,RAINY,7:05,Lunalovegood,1/1/93,AF,10611,29.07123288,Female,2,GN,23,16.07948579,34.67887363,16.64771481,Luna,0,0,0.663228,1.381571,1.430394,0.855759,1.328901,1.142284,0.739244,0.685529798,0.733495332,0.709512565,0.800760354,0.750617982,24.84,24.06,23.79,27.12,26.16,26.07,29.39,28.26,28.35,123.6,512.2,327.9,0.968751267,0,0.030949515,1/20/22,MCH,6.5,1.4,4,265,0,0,0,0,0,0,44,8,102,419,299,1,0,0,0,0,0,0,1,1,1,189,0,0,31,6,73
PA-108,22-Sep-20,Sep,2,RAINY,7:23,Lunalovegood,1/1/93,AF,10626,29.11232877,Female,2,GN,23,16.07948579,34.67887363,16.64771481,Luna,0,0,0.663228,1.381571,1.430394,0.855759,1.328901,1.142284,0.739244,0.685529798,0.733495332,0.709512565,0.800760354,0.750617982,24.84,24.06,23.79,27.12,26.16,26.07,29.39,28.26,28.35,123.6,512.2,327.9,0.968751267,0,0.030949515,2/4/22,HH,7,2.39,3,29,0,0,0,0,0,1,0,0,23,53,22,1,0,0,0,0,0,1,0,0,1,12,0,0,0,0,10
PA-420,5-Feb-21,Feb,7,DRY,10:03,Lunalovegood,1/1/93,AF,11329,31.03835616,Female,2,GN,23,16.07948579,34.67887363,16.64771481,Luna,0,0,0.663228,1.381571,1.430394,0.855759,1.328901,1.142284,0.739244,0.685529798,0.733495332,0.709512565,0.800760354,0.750617982,22.79,22.97,23.14,25.09,25.61,27.07,27.39,28.24,31,29,10.8,10.8,0.968751267,0,0.030949515,1/8/24,MCH,6.8,1.38,3,10,1,439,0,0,0,0,0,0,0,450,326,1,1,1,0,0,0,0,0,0,0,7,1,318,0,0,0
PA-039,18-Aug-20,Aug,1,RAINY,8:40,MadMadamMim,4/16/08,AF,4925,13.49315068,Female,5,AD,22,11.38186734,42.71048504,13.88406803,Seri,7,6,0.515096,1.58455,1.932899,1.179157,1.848038,1.728069,1.036729,0.726148264,0.727244932,0.726696598,0.774256771,0.745626099,25.32,24.84,24.06,27.73,27.12,26.16,30.13,29.39,28.26,195.2,123.6,512.2,0.889842666,0.009383832,0.100944747,10/10/21,HH/MCH/JC,4.5,2.7,3,21,0,0,0,0,0,0,40,0,43,104,39,1,0,0,0,0,0,0,1,0,1,8,0,0,15,0,16
PA-245,26-Nov-20,Nov,4,RAINY,10:57,MadMadamMim,4/16/08,AF,5384,14.75068493,Female,6,AD,22,11.38186734,42.71048504,13.88406803,Seri,7,6,0.515096,1.58455,1.932899,1.179157,1.848038,1.728069,1.036729,0.726148264,0.727244932,0.726696598,0.774256771,0.745626099,23.79,23.71,22.93,26.07,25.55,24.57,28.35,27.38,26.2,327.9,441.6,681.5,0.889842666,0.009383832,0.100944747,1/12/23,MCH,7.4,1.74,3,97,1,2,0,0,0,0,0,0,0,100,57,1,1,1,0,0,0,0,0,0,0,56,1,1,0,0,0
PA-574,8-Apr-21,Apr,9,DRY,9:32,MadMadamMim,4/16/08,AF,5747,15.74520548,Female,6,AD,22,11.38186734,42.71048504,13.88406803,Seri,7,6,0.515096,1.58455,1.932899,1.179157,1.848038,1.728069,1.036729,0.726148264,0.727244932,0.726696598,0.774256771,0.745626099,23.14,23.77,24.51,27.07,28.25,28.95,31,32.73,33.39,10.8,0.1,94.7,0.889842666,0.009383832,0.100944747,1/10/24,MCH,7.25,2.95,1,2,0,0,0,0,0,0,0,0,0,2,1,1,0,0,0,0,0,0,0,0,0,1,0,0,0,0,0
PA-711,11-Aug-21,2-Aug,13,RAINY,11:30,MadMadamMim,4/16/08,AF,5124,14.03835616,Female,6,AD,22,11.38186734,42.71048504,13.88406803,Seri,7,6,0.515096,1.58455,1.932899,1.179157,1.848038,1.728069,1.036729,0.726148264,0.727244932,0.726696598,0.774256771,0.745626099,23.89,23.94,23.39677419,26.93,26.5,25.73709677,29.97,29.05,28.07741935,153.4,89.8,285.8,0.889842666,0.009383832,0.100944747,4/27/22,JKH/JC/MCH,7.5,3.08,4,66,6,0,0,1,0,1,0,0,0,74,24,1,1,0,0,1,0,1,0,0,0,21,2,0,0,0,0
PA-117,28-Sep-20,Sep,2,RAINY,7:53,Merida,6/15/12,AF,3456,9.468493151,Female,3,RM,33,21.03212945,45.78525881,21.21717125,Nyla,3,2,0.720756,1.555344,1.569028,1.07566,1.267412,1.164216,0.790313,0.730001852,0.730101622,0.730051737,0.778182963,0.749103077,24.84,24.06,23.79,27.12,26.16,26.07,29.39,28.26,28.35,123.6,512.2,327.9,0.920383193,0,0.079615533,12/1/21,JC/HH,6.5,2.8,2,503,11,0,0,0,0,0,0,0,0,514,184,1,1,0,0,0,0,0,0,0,0,180,4,0,0,0,0
PA-516,10-Mar-21,Mar,8,DRY,9:05,Merida,6/15/12,AF,4224,11.57260274,Female,3,RM,33,21.03212945,45.78525881,21.21717125,Nyla,3,2,0.720756,1.555344,1.569028,1.07566,1.267412,1.164216,0.790313,0.730001852,0.730101622,0.730051737,0.778182963,0.749103077,22.97,23.14,23.77,25.61,27.07,28.25,28.24,31,32.73,10.8,10.8,0.1,0.920383193,0,0.079615533,1/8/24,MCH,7,3.7,2,25,3,0,0,0,0,0,0,0,0,28,8,1,1,0,0,0,0,0,0,0,0,7,1,0,0,0,0
PA-031,12-Aug-20,Aug,1,RAINY,9:43,Molly,11/5/12,AF,3488,9.556164384,Female,4,GN,23,16.07948579,34.67887363,16.64771481,Petu,6,3,0.663228,1.381571,1.430394,0.855759,1.328901,1.142284,0.739244,0.685529798,0.733495332,0.709512565,0.800760354,0.750617982,25.32,24.84,24.06,27.73,27.12,26.16,30.13,29.39,28.26,195.2,123.6,512.2,0.968751267,0,0.030949515,5/25/22,JC,4,1.84,5,47,2,0,0,0,0,0,14,3,89,155,84,1,1,0,0,0,0,0,1,1,1,26,1,0,8,2,48
PA-065,31-Aug-20,Aug,1,RAINY,8:05,Molly,11/5/12,AF,3474,9.517808219,Female,4,GN,23,16.07948579,34.67887363,16.64771481,Petu,6,3,0.663228,1.381571,1.430394,0.855759,1.328901,1.142284,0.739244,0.685529798,0.733495332,0.709512565,0.800760354,0.750617982,25.32,24.84,24.06,27.73,27.12,26.16,30.13,29.39,28.26,195.2,123.6,512.2,0.968751267,0,0.030949515,5/11/22,JC,3.5,1.45,2,343,4,0,0,0,0,0,0,0,0,347,239,1,1,0,0,0,0,0,0,0,0,237,3,0,0,0,0
PA-602,14-Apr-21,Apr,9,DRY,7:43,Molly,11/5/12,AF,3924,10.75068493,Female,4,GN,23,16.07948579,34.67887363,16.64771481,Petu,6,3,0.663228,1.381571,1.430394,0.855759,1.328901,1.142284,0.739244,0.685529798,0.733495332,0.709512565,0.800760354,0.750617982,23.14,23.77,24.51,27.07,28.25,28.95,31,32.73,33.39,10.8,0.1,94.7,0.968751267,0,0.030949515,8/4/23,MCH,7.5,2.56,5,131,4,0,0,0,1,0,1,19,0,156,61,1,1,0,0,0,1,0,1,1,0,51,2,0,0,7,0
PA-046,18-Aug-20,Aug,1,RAINY,11:41,MonMothma,4/20/14,AF,2963,8.117808219,Female,4,AD,22,11.38186734,42.71048504,13.88406803,Timo,9,7,0.515096,1.58455,1.932899,1.179157,1.848038,1.728069,1.036729,0.726148264,0.727244932,0.726696598,0.774256771,0.745626099,25.32,24.84,24.06,27.73,27.12,26.16,30.13,29.39,28.26,195.2,123.6,512.2,0.889842666,0.009383832,0.100944747,5/31/22,JC/JKH,3.5,2.8,5,137,24,0,0,0,0,0,10,1,25,197,70,1,1,0,0,0,0,0,1,1,1,49,9,0,4,0,9
PA-501,2-Mar-21,Mar,8,DRY,7:40,MonMothma,4/20/14,AF,3553,9.734246575,Female,4,AD,22,11.38186734,42.71048504,13.88406803,Timo,9,7,0.515096,1.58455,1.932899,1.179157,1.848038,1.728069,1.036729,0.726148264,0.727244932,0.726696598,0.774256771,0.745626099,22.97,23.14,23.77,25.61,27.07,28.25,28.24,31,32.73,10.8,10.8,0.1,0.889842666,0.009383832,0.100944747,1/11/24,MCH,6,1.68,2,100,26,0,0,0,0,0,0,0,0,126,75,1,1,0,0,0,0,0,0,0,0,60,15,0,0,0,0
PA-057,24-Aug-20,Aug,1,RAINY,6:47,MrsWeasley,1/1/95,AF,10023,27.46027397,Female,5,BC,11,6.239286861,14.38237505,6.65000538,Mrsw,6,4,0.764825,1.654134,1.763022,0.940414,1.446859,1.241749,0.527725,0.708542361,0.747128209,0.727835285,0.802074132,0.761232692,25.32,24.84,24.06,27.73,27.12,26.16,30.13,29.39,28.26,195.2,123.6,512.2,0.991626877,0.008079309,0,6/11/22,"HH,JC",3,0.83,2,60,1,0,0,0,0,0,0,0,0,61,73,1,1,0,0,0,0,0,0,0,0,72,1,0,0,0,0
PA-576,12-Apr-21,Apr,9,DRY,7:29,MrsWeasley,1/1/95,AF,10599,29.03835616,Female,5,BC,11,6.239286861,14.38237505,6.65000538,Mrsw,6,4,0.764825,1.654134,1.763022,0.940414,1.446859,1.241749,0.527725,0.708542361,0.747128209,0.727835285,0.802074132,0.761232692,23.14,23.77,24.51,27.07,28.25,28.95,31,32.73,33.39,10.8,0.1,94.7,0.991626877,0.008079309,0,1/8/24,MCH,7.9,3.18,3,37,0,0,0,0,0,0,111,230,0,378,119,1,0,0,0,0,0,0,1,1,0,12,0,0,35,72,0
PA-058,24-Aug-20,Aug,1,RAINY,7:00,NymphadoraTonks,12/7/11,AF,3844,10.53150685,Female,4,BC,11,6.239286861,14.38237505,6.65000538,Rita,2,2,0.764825,1.654134,1.763022,0.940414,1.446859,1.241749,0.527725,0.708542361,0.747128209,0.727835285,0.802074132,0.761232692,25.32,24.84,24.06,27.73,27.12,26.16,30.13,29.39,28.26,195.2,123.6,512.2,0.991626877,0.008079309,0,6/16/22,JKH/JC,3.5,1.4,2,44,12,0,0,0,0,0,0,0,0,56,40,1,1,0,0,0,0,0,0,0,0,31,9,0,0,0,0
PA-208,16-Nov-20,Nov,4,RAINY,8:38,NymphadoraTonks,12/7/11,AF,3989,10.92876712,Female,4,BC,11,6.239286861,14.38237505,6.65000538,Rita,2,2,0.764825,1.654134,1.763022,0.940414,1.446859,1.241749,0.527725,0.708542361,0.747128209,0.727835285,0.802074132,0.761232692,23.79,23.71,22.93,26.07,25.55,24.57,28.35,27.38,26.2,327.9,441.6,681.5,0.991626877,0.008079309,0,11/8/22,MCH,5,1.71,3,1074,0,0,0,0,0,1,0,0,2,1077,630,1,0,0,0,0,0,1,0,0,1,628,0,0,0,0,1
PA-438,10-Feb-21,Feb,7,DRY,8:20,NymphadoraTonks,12/7/11,AF,4286,11.74246575,Female,4,BC,11,6.239286861,14.38237505,6.65000538,Rita,2,2,0.764825,1.654134,1.763022,0.940414,1.446859,1.241749,0.527725,0.708542361,0.747128209,0.727835285,0.802074132,0.761232692,22.79,22.97,23.14,25.09,25.61,27.07,27.39,28.24,31,29,10.8,10.8,0.991626877,0.008079309,0,9/1/23,MCH,7.5,2.96,3,21,1,750,0,0,0,0,0,0,0,772,261,1,1,1,0,0,0,0,0,0,0,7,0,253,0,0,0
PA-730,18-Aug-21,2-Aug,13,RAINY,9:58,NymphadoraTonks,12/7/11,AF,4013,10.99452055,Female,4,BC,11,6.239286861,14.38237505,6.65000538,Rita,2,2,0.764825,1.654134,1.763022,0.940414,1.446859,1.241749,0.527725,0.708542361,0.747128209,0.727835285,0.802074132,0.761232692,23.89,23.94,23.39677419,26.93,26.5,25.73709677,29.97,29.05,28.07741935,153.4,89.8,285.8,0.991626877,0.008079309,0,12/2/22,JKH,7,1.9,4,59,2,0,0,0,0,0,0,1,1,63,33,1,1,0,0,0,0,0,0,1,1,31,1,0,0,1,1
PA-256,7-Dec-20,Dec,5,DRY,8:04,Oregano,4/11/05,AF,6696,18.34520548,Female,3,LV,30,12.81671162,35.0544688,15.39024269,Blan,19,11,0.855811,1.949287,2.340694,1.841247,1.469938,1.341847,0.961201,0.713424854,0.743786629,0.728605741,0.802280702,0.760921515,23.71,22.93,22.79,25.55,24.57,25.09,27.38,26.2,27.39,441.6,681.5,29,0.976790217,0.007748984,0.01576071,8/11/23,MCH,7,1.53,3,1255,28,0,0,0,0,0,0,1,0,1284,839,1,1,0,0,0,0,0,0,1,0,820,18,0,0,1,0
PA-744,19-Aug-21,2-Aug,13,RAINY,11:11,Oregano,4/11/05,AF,6247,17.11506849,Female,3,LV,30,12.81671162,35.0544688,15.39024269,Blan,19,11,0.855811,1.949287,2.340694,1.841247,1.469938,1.341847,0.961201,0.713424854,0.743786629,0.728605741,0.802280702,0.760921515,23.89,23.94,23.39677419,26.93,26.5,25.73709677,29.97,29.05,28.07741935,153.4,89.8,285.8,0.976790217,0.007748984,0.01576071,5/19/22,JC/JKH,7,2.01,3,167,3,0,0,0,0,0,0,9,0,179,89,1,1,0,0,0,0,0,0,1,0,83,1,0,0,4,0
PA-166,19-Oct-20,Oct,3,RAINY,8:46,Palpatine,1/2/17,LJF,2046,5.605479452,Female,,AD,22,11.38186734,42.71048504,13.88406803,Timo,9,7,0.515096,1.58455,1.932899,1.179157,1.848038,1.728069,1.036729,0.726148264,0.727244932,0.726696598,0.774256771,0.745626099,24.06,23.79,23.71,26.16,26.07,25.55,28.26,28.35,27.38,512.2,327.9,441.6,0.889842666,0.009383832,0.100944747,8/10/22,JC,7,2.79,5,59,7,0,0,0,0,0,3,5,6,80,29,1,1,0,0,0,0,0,1,1,1,21,3,0,1,2,2
PA-460,16-Feb-21,Feb,7,DRY,10:02,Palpatine,1/2/17,LJF,2307,6.320547945,Female,,AD,22,11.38186734,42.71048504,13.88406803,Timo,9,7,0.515096,1.58455,1.932899,1.179157,1.848038,1.728069,1.036729,0.726148264,0.727244932,0.726696598,0.774256771,0.745626099,22.79,22.97,23.14,25.09,25.61,27.07,27.39,28.24,31,29,10.8,10.8,0.889842666,0.009383832,0.100944747,4/28/23,MCH,7,3.53,2,74,63,0,0,0,0,0,0,0,0,137,39,1,1,0,0,0,0,0,0,0,0,21,18,0,0,0,0
PA-634,5-May-21,May,10,DRY,9:17,Palpatine,1/2/17,LJF,2460,6.739726027,Female,,AD,22,11.38186734,42.71048504,13.88406803,Timo,9,7,0.515096,1.58455,1.932899,1.179157,1.848038,1.728069,1.036729,0.726148264,0.727244932,0.726696598,0.774256771,0.745626099,23.77,24.51,24.58,28.25,28.95,27.84,32.73,33.39,31.1,0.1,94.7,128.4,0.889842666,0.009383832,0.100944747,9/28/23,MCH,7.75,3.64,3,30,29,0,0,0,0,0,0,0,2,61,17,1,1,0,0,0,0,0,0,0,1,8,8,0,0,0,1
PA-089,15-Sep-20,Sep,2,RAINY,10:40,Paprika,7/23/17,LJF,1643,4.501369863,Female,,LV,30,12.81671162,35.0544688,15.39024269,Blan,19,11,0.855811,1.949287,2.340694,1.841247,1.469938,1.341847,0.961201,0.713424854,0.743786629,0.728605741,0.802280702,0.760921515,24.84,24.06,23.79,27.12,26.16,26.07,29.39,28.26,28.35,123.6,512.2,327.9,0.976790217,0.007748984,0.01576071,1/21/22,HH,4.5,1.5,3,2,3,0,0,0,0,0,0,0,2,7,5,1,1,0,0,0,0,0,0,0,1,1,2,0,0,0,1
PA-010,10-Aug-20,Aug,1,RAINY,10:45,Perdita,8/23/10,AF,4176,11.44109589,Female,2,RM,33,21.03212945,45.78525881,21.21717125,Limp,9,7,0.720756,1.555344,1.569028,1.07566,1.267412,1.164216,0.790313,0.730001852,0.730101622,0.730051737,0.778182963,0.749103077,25.32,24.84,24.06,27.73,27.12,26.16,30.13,29.39,28.26,195.2,123.6,512.2,0.920383193,0,0.079615533,1/28/22,HH,5,4.4,2,305,6,0,0,0,0,0,0,0,0,311,71,1,1,0,0,0,0,0,0,0,0,69,1,0,0,0,0
PA-385,25-Jan-21,Jan,6,DRY,9:13,Perdita,8/23/10,AF,4886,13.38630137,Female,2,RM,33,21.03212945,45.78525881,21.21717125,Limp,9,7,0.720756,1.555344,1.569028,1.07566,1.267412,1.164216,0.790313,0.730001852,0.730101622,0.730051737,0.778182963,0.749103077,22.93,22.79,22.97,24.57,25.09,25.61,26.2,27.39,28.24,681.5,29,10.8,0.920383193,0,0.079615533,1/8/24,MCH,7.6,2.58,2,788,1,0,0,0,0,0,0,0,0,789,306,1,1,0,0,0,0,0,0,0,0,305,0,0,0,0,0
PA-027,12-Aug-20,Aug,1,RAINY,8:28,Petunia,6/23/10,AF,4345,11.90410959,Female,1,GN,23,16.07948579,34.67887363,16.64771481,Petu,6,3,0.663228,1.381571,1.430394,0.855759,1.328901,1.142284,0.739244,0.685529798,0.733495332,0.709512565,0.800760354,0.750617982,25.32,24.84,24.06,27.73,27.12,26.16,30.13,29.39,28.26,195.2,123.6,512.2,0.968751267,0,0.030949515,5/16/22,JC,3.5,2.27,4,133,2,0,0,0,0,0,46,0,172,353,156,1,1,0,0,0,0,0,1,0,1,59,1,0,20,0,76
PA-179,21-Oct-20,Oct,3,RAINY,9:34,Petunia,6/23/10,AF,4277,11.71780822,Female,1,GN,23,16.07948579,34.67887363,16.64771481,Petu,6,3,0.663228,1.381571,1.430394,0.855759,1.328901,1.142284,0.739244,0.685529798,0.733495332,0.709512565,0.800760354,0.750617982,24.06,23.79,23.71,26.16,26.07,25.55,28.26,28.35,27.38,512.2,327.9,441.6,0.968751267,0,0.030949515,3/9/22,JC/MCH,6.5,2.02,5,1669,9,0,0,0,0,0,8,1,48,1735,859,1,1,0,0,0,0,0,1,1,1,826,4,0,4,0,24
PA-477,18-Feb-21,Feb,7,DRY,11:34,Petunia,6/23/10,AF,4944,13.54520548,Female,1,GN,23,16.07948579,34.67887363,16.64771481,Petu,6,3,0.663228,1.381571,1.430394,0.855759,1.328901,1.142284,0.739244,0.685529798,0.733495332,0.709512565,0.800760354,0.750617982,22.79,22.97,23.14,25.09,25.61,27.07,27.39,28.24,31,29,10.8,10.8,0.968751267,0,0.030949515,1/5/24,MCH,7,1.49,2,228,12,0,0,0,0,0,0,0,0,240,161,1,1,0,0,0,0,0,0,0,0,153,8,0,0,0,0
PA-690,10-Aug-21,2-Aug,13,RAINY,8:45,Petunia,6/23/10,AF,4362,11.95068493,Female,1,GN,23,16.07948579,34.67887363,16.64771481,Petu,6,3,0.663228,1.381571,1.430394,0.855759,1.328901,1.142284,0.739244,0.685529798,0.733495332,0.709512565,0.800760354,0.750617982,23.89,23.94,23.39677419,26.93,26.5,25.73709677,29.97,29.05,28.07741935,153.4,89.8,285.8,0.968751267,0,0.030949515,6/2/22,JC/JKH,7,2.24,4,915,8,0,0,0,0,0,0,2,1,926,413,1,1,0,0,0,0,0,0,1,1,408,4,0,0,1,0
PA-767,30-Aug-21,2-Aug,13,RAINY,10:30,Petunia,6/23/10,AF,4593,12.58356164,Female,1,GN,23,16.07948579,34.67887363,16.64771481,Petu,6,3,0.663228,1.381571,1.430394,0.855759,1.328901,1.142284,0.739244,0.685529798,0.733495332,0.709512565,0.800760354,0.750617982,23.89,23.94,23.39677419,26.93,26.5,25.73709677,29.97,29.05,28.07741935,153.4,89.8,285.8,0.968751267,0,0.030949515,1/19/23,JKH,7,1.21,3,46,12,0,0,0,0,0,0,0,3,61,50,1,1,0,0,0,0,0,0,0,1,38,10,0,0,0,2
PA-115,22-Sep-20,Sep,2,RAINY,11:57,Queenie,5/29/17,SJF,1738,4.761643836,Female,,GN,23,16.07948579,34.67887363,16.64771481,Padm,2,2,0.663228,1.381571,1.430394,0.855759,1.328901,1.142284,0.739244,0.685529798,0.733495332,0.709512565,0.800760354,0.750617982,24.84,24.06,23.79,27.12,26.16,26.07,29.39,28.26,28.35,123.6,512.2,327.9,0.968751267,0,0.030949515,3/2/22,MCH,6.25,1.72,4,8,23,0,0,0,0,1,0,0,5,37,22,1,1,0,0,0,0,1,0,0,1,5,13,0,0,0,3
PA-146,7-Oct-20,Oct,3,RAINY,11:00,Quidditch,5/1/07,AF,5068,13.88493151,Female,3,GN,23,16.07948579,34.67887363,16.64771481,Maxi,4,4,0.663228,1.381571,1.430394,0.855759,1.328901,1.142284,0.739244,0.685529798,0.733495332,0.709512565,0.800760354,0.750617982,24.06,23.79,23.71,26.16,26.07,25.55,28.26,28.35,27.38,512.2,327.9,441.6,0.968751267,0,0.030949515,3/16/21,JC/MCH,7.5,3.14,5,363,3,0,0,0,0,0,47,2,69,484,154,1,1,0,0,0,0,0,1,1,1,116,1,0,15,1,22
PA-201,13-Nov-20,Nov,4,RAINY,8:30,Quidditch,5/1/07,AF,6021,16.49589041,Female,3,GN,23,16.07948579,34.67887363,16.64771481,Maxi,4,4,0.663228,1.381571,1.430394,0.855759,1.328901,1.142284,0.739244,0.685529798,0.733495332,0.709512565,0.800760354,0.750617982,23.79,23.71,22.93,26.07,25.55,24.57,28.35,27.38,26.2,327.9,441.6,681.5,0.968751267,0,0.030949515,10/25/23,MCH,9.25,5.65,4,80,0,0,0,0,0,0,35,1,199,315,56,1,0,0,0,0,0,0,1,1,1,14,0,0,6,0,35
PA-415,5-Feb-21,Feb,7,DRY,6:49,Quidditch,5/1/07,AF,6098,16.70684932,Female,3,GN,23,16.07948579,34.67887363,16.64771481,Maxi,4,4,0.663228,1.381571,1.430394,0.855759,1.328901,1.142284,0.739244,0.685529798,0.733495332,0.709512565,0.800760354,0.750617982,22.79,22.97,23.14,25.09,25.61,27.07,27.39,28.24,31,29,10.8,10.8,0.968751267,0,0.030949515,1/10/24,MCH,7,2.42,2,22,2,0,0,0,0,0,0,0,0,24,10,1,1,0,0,0,0,0,0,0,0,9,1,0,0,0,0
PA-761,30-Aug-21,2-Aug,13,RAINY,8:15,Quidditch,5/1/07,AF,5504,15.07945205,Female,3,GN,23,16.07948579,34.67887363,16.64771481,Maxi,4,4,0.663228,1.381571,1.430394,0.855759,1.328901,1.142284,0.739244,0.685529798,0.733495332,0.709512565,0.800760354,0.750617982,23.89,23.94,23.39677419,26.93,26.5,25.73709677,29.97,29.05,28.07741935,153.4,89.8,285.8,0.968751267,0,0.030949515,5/26/22,JKH,7.5,2.11,3,384,2,0,0,0,0,0,0,0,10,396,188,1,1,0,0,0,0,0,0,0,1,182,1,0,0,0,5
PA-015,11-Aug-20,Aug,1,RAINY,7:54,RitaSkeeter,1/19/01,AF,7722,21.15616438,Female,3,BC,11,6.239286861,14.38237505,6.65000538,Rita,2,2,0.764825,1.654134,1.763022,0.940414,1.446859,1.241749,0.527725,0.708542361,0.747128209,0.727835285,0.802074132,0.761232692,25.32,24.84,24.06,27.73,27.12,26.16,30.13,29.39,28.26,195.2,123.6,512.2,0.991626877,0.008079309,0,3/12/22,HH,3.5,1.81,3,115,0,0,0,0,0,0,22,0,76,213,118,1,0,0,0,0,0,0,1,0,1,64,0,0,12,0,42
PA-033,12-Aug-20,Aug,1,RAINY,10:20,Rose,7/16/14,AF,2771,7.591780822,Female,3,GN,23,16.07948579,34.67887363,16.64771481,Petu,6,3,0.663228,1.381571,1.430394,0.855759,1.328901,1.142284,0.739244,0.685529798,0.733495332,0.709512565,0.800760354,0.750617982,25.32,24.84,24.06,27.73,27.12,26.16,30.13,29.39,28.26,195.2,123.6,512.2,0.968751267,0,0.030949515,2/15/22,JC,4,2.4,5,52,4,0,0,0,0,0,44,30,63,193,80,1,1,0,0,0,0,0,1,1,1,22,2,0,18,13,26
PA-063,31-Aug-20,Aug,1,RAINY,7:40,Rose,7/16/14,AF,2788,7.638356164,Female,3,GN,23,16.07948579,34.67887363,16.64771481,Petu,6,3,0.663228,1.381571,1.430394,0.855759,1.328901,1.142284,0.739244,0.685529798,0.733495332,0.709512565,0.800760354,0.750617982,25.32,24.84,24.06,27.73,27.12,26.16,30.13,29.39,28.26,195.2,123.6,512.2,0.968751267,0,0.030949515,3/4/22,HH,3.5,1.46,3,140,3,0,0,0,0,1,0,0,0,144,99,1,1,0,0,0,0,1,0,0,0,96,2,0,0,0,0
PA-279,11-Dec-20,Dec,5,DRY,9:43,Rose,7/16/14,AF,3365,9.219178082,Female,3,GN,23,16.07948579,34.67887363,16.64771481,Petu,6,3,0.663228,1.381571,1.430394,0.855759,1.328901,1.142284,0.739244,0.685529798,0.733495332,0.709512565,0.800760354,0.750617982,23.71,22.93,22.79,25.55,24.57,25.09,27.38,26.2,27.39,441.6,681.5,29,0.968751267,0,0.030949515,10/2/23,MCH,7,2.57,3,73,33,0,0,0,0,0,0,0,1,107,42,1,1,0,0,0,0,0,0,0,1,28,13,0,0,0,0
PA-417,5-Feb-21,Feb,7,DRY,9:00,Rose,7/16/14,AF,3260,8.931506849,Female,3,GN,23,16.07948579,34.67887363,16.64771481,Petu,6,3,0.663228,1.381571,1.430394,0.855759,1.328901,1.142284,0.739244,0.685529798,0.733495332,0.709512565,0.800760354,0.750617982,22.79,22.97,23.14,25.09,25.61,27.07,27.39,28.24,31,29,10.8,10.8,0.968751267,0,0.030949515,6/19/23,MCH,8,3.21,3,64,11,0,0,0,0,0,0,0,2,77,24,1,1,0,0,0,0,0,0,0,1,20,3,0,0,0,1
PA-689,10-Aug-21,2-Aug,13,RAINY,8:39,Rose,7/16/14,AF,3102,8.498630137,Female,3,GN,23,16.07948579,34.67887363,16.64771481,Petu,6,3,0.663228,1.381571,1.430394,0.855759,1.328901,1.142284,0.739244,0.685529798,0.733495332,0.709512565,0.800760354,0.750617982,23.89,23.94,23.39677419,26.93,26.5,25.73709677,29.97,29.05,28.07741935,153.4,89.8,285.8,0.968751267,0,0.030949515,1/12/23,JKH,6,1.99,2,244,2,0,0,0,0,0,0,0,0,246,124,1,1,0,0,0,0,0,0,0,0,123,1,0,0,0,0
PA-093,15-Sep-20,Sep,2,RAINY,11:46,Roux,8/5/14,AF,2802,7.676712329,Female,8,LV,30,12.81671162,35.0544688,15.39024269,Kath,2,3,0.855811,1.949287,2.340694,1.841247,1.469938,1.341847,0.961201,0.713424854,0.743786629,0.728605741,0.802280702,0.760921515,24.84,24.06,23.79,27.12,26.16,26.07,29.39,28.26,28.35,123.6,512.2,327.9,0.976790217,0.007748984,0.01576071,4/7/22,HH,6.5,1.4,2,100,4,0,0,0,0,0,0,0,0,104,74,1,1,0,0,0,0,0,0,0,0,71,3,0,0,0,0
PA-090,15-Sep-20,Sep,2,RAINY,1045,Sage,7/28/10,AF,4213,11.54246575,Female,6,LV,30,12.81671162,35.0544688,15.39024269,Kath,2,3,0.855811,1.949287,2.340694,1.841247,1.469938,1.341847,0.961201,0.713424854,0.743786629,0.728605741,0.802280702,0.760921515,24.84,24.06,23.79,27.12,26.16,26.07,29.39,28.26,28.35,123.6,512.2,327.9,0.976790217,0.007748984,0.01576071,2/8/22,JC,6.5,1.23,4,76,1,0,0,0,0,2,0,0,1,80,65,1,1,0,0,0,0,1,0,0,1,62,1,0,0,0,1
PA-082,14-Sep-20,Sep,2,RAINY,10:37,Shanti,3/5/03,AF,6978,19.11780822,Female,6,RM,33,21.03212945,45.78525881,21.21717125,Nyla,3,2,0.720756,1.555344,1.569028,1.07566,1.267412,1.164216,0.790313,0.730001852,0.730101622,0.730051737,0.778182963,0.749103077,24.84,24.06,23.79,27.12,26.16,26.07,29.39,28.26,28.35,123.6,512.2,327.9,0.920383193,0,0.079615533,4/12/22,JC,6,1,1,47,0,0,0,0,0,0,0,0,0,47,47,1,0,0,0,0,0,0,0,0,0,47,0,0,0,0,0
PA-122,28-Sep-20,Sep,2,RAINY,11:05,Shanti,3/5/03,AF,6953,19.04931507,Female,6,RM,33,21.03212945,45.78525881,21.21717125,Nyla,3,2,0.720756,1.555344,1.569028,1.07566,1.267412,1.164216,0.790313,0.730001852,0.730101622,0.730051737,0.778182963,0.749103077,24.84,24.06,23.79,27.12,26.16,26.07,29.39,28.26,28.35,123.6,512.2,327.9,0.920383193,0,0.079615533,3/18/22,HH,7.5,4.54,2,190,0,0,0,0,0,0,0,2,0,192,42,1,0,0,0,0,0,0,0,1,0,42,0,0,0,0,0
PA-429,8-Feb-21,Feb,7,DRY,9:50,Shanti,3/5/03,AF,7609,20.84657534,Female,6,RM,33,21.03212945,45.78525881,21.21717125,Nyla,3,2,0.720756,1.555344,1.569028,1.07566,1.267412,1.164216,0.790313,0.730001852,0.730101622,0.730051737,0.778182963,0.749103077,22.79,22.97,23.14,25.09,25.61,27.07,27.39,28.24,31,29,10.8,10.8,0.920383193,0,0.079615533,1/3/24,MCH,7,3.6,2,228,0,0,0,0,0,0,0,2,0,230,64,1,0,0,0,0,0,0,0,1,0,63,0,0,0,1,0
PA-005,10-Aug-20,Aug,1,RAINY,8:58,Simba,8/5/98,AF,8632,23.64931507,Female,1,RM,33,21.03212945,45.78525881,21.21717125,Limp,9,7,0.720756,1.555344,1.569028,1.07566,1.267412,1.164216,0.790313,0.730001852,0.730101622,0.730051737,0.778182963,0.749103077,25.32,24.84,24.06,27.73,27.12,26.16,30.13,29.39,28.26,195.2,123.6,512.2,0.920383193,0,0.079615533,3/24/22,MCH/HH,3.5,2.1,2,181,18,0,0,0,0,0,0,0,0,199,95,1,1,0,0,0,0,0,0,0,0,86,9,0,0,0,0
PA-183,29-Oct-20,Oct,3,RAINY,11:34,Simba,8/5/98,AF,8601,23.56438356,Female,1,RM,33,21.03212945,45.78525881,21.21717125,Limp,9,7,0.720756,1.555344,1.569028,1.07566,1.267412,1.164216,0.790313,0.730001852,0.730101622,0.730051737,0.778182963,0.749103077,24.06,23.79,23.71,26.16,26.07,25.55,28.26,28.35,27.38,512.2,327.9,441.6,0.920383193,0,0.079615533,2/21/22,JC,6.5,1.27,2,273,2,0,0,0,0,0,0,0,0,275,217,1,1,0,0,0,0,0,0,0,0,215,2,0,0,0,0
PA-048,19-Aug-20,Aug,1,RAINY,8:41,SJM,,SJM,,,Male,,LV,30,12.81671162,35.0544688,15.39024269,,,,0.855811,1.949287,2.340694,1.841247,1.469938,1.341847,0.961201,0.713424854,0.743786629,0.728605741,0.802280702,0.760921515,25.32,24.84,24.06,27.73,27.12,26.16,30.13,29.39,28.26,195.2,123.6,512.2,0.976790217,0.007748984,0.01576071,9/6/21,HH,3.5,1.55,3,0,1,0,0,0,0,0,32,0,8,41,26,0,1,0,0,0,0,0,1,0,1,0,1,0,21,0,5
PA-049,19-Aug-20,Aug,1,RAINY,9:02,SJM,,SJM,,,Male,,LV,30,12.81671162,35.0544688,15.39024269,,,,0.855811,1.949287,2.340694,1.841247,1.469938,1.341847,0.961201,0.713424854,0.743786629,0.728605741,0.802280702,0.760921515,25.32,24.84,24.06,27.73,27.12,26.16,30.13,29.39,28.26,195.2,123.6,512.2,0.976790217,0.007748984,0.01576071,9/13/21,HH,3.5,1.34,4,0,1,0,0,0,0,0,7,1,4,13,10,0,1,0,0,0,0,0,1,1,1,0,1,0,5,1,3
PA-187,30-Oct-20,Oct,3,RAINY,7:04,SJM,,SJM,,,Male,,LV,30,12.81671162,35.0544688,15.39024269,,,,0.855811,1.949287,2.340694,1.841247,1.469938,1.341847,0.961201,0.713424854,0.743786629,0.728605741,0.802280702,0.760921515,24.06,23.79,23.71,26.16,26.07,25.55,28.26,28.35,27.38,512.2,327.9,441.6,0.976790217,0.007748984,0.01576071,9/27/21,HH,7,1.6,4,1,2,0,0,0,0,0,11,0,46,60,38,1,1,0,0,0,0,0,1,0,1,1,1,0,7,0,29
PA-019,11-Aug-20,Aug,1,RAINY,9:16,Squib,11/7/16,LJM,2053,5.624657534,Male,,BC,11,6.239286861,14.38237505,6.65000538,Rita,2,2,0.764825,1.654134,1.763022,0.940414,1.446859,1.241749,0.527725,0.708542361,0.747128209,0.727835285,0.802074132,0.761232692,25.32,24.84,24.06,27.73,27.12,26.16,30.13,29.39,28.26,195.2,123.6,512.2,0.991626877,0.008079309,0,6/22/22,JC,3.5,1.55,4,67,1,0,0,0,0,0,63,0,205,336,217,1,1,0,0,0,0,0,1,0,1,43,1,0,41,0,132
PA-137,6-Oct-20,Oct,3,RAINY,8:38,Squib,11/7/16,LJM,2100,5.753424658,Male,,BC,11,6.239286861,14.38237505,6.65000538,Rita,2,2,0.764825,1.654134,1.763022,0.940414,1.446859,1.241749,0.527725,0.708542361,0.747128209,0.727835285,0.802074132,0.761232692,24.06,23.79,23.71,26.16,26.07,25.55,28.26,28.35,27.38,512.2,327.9,441.6,0.991626877,0.008079309,0,8/8/22,JC,6.5,3.14,3,886,42,0,0,0,0,0,0,0,3,931,296,1,1,0,0,0,0,0,0,0,1,282,13,0,0,0,1
PA-356,13-Jan-21,Jan,6,DRY,12:00,Squib,11/7/16,LJM,2486,6.810958904,Male,,BC,11,6.239286861,14.38237505,6.65000538,Rita,2,2,0.764825,1.654134,1.763022,0.940414,1.446859,1.241749,0.527725,0.708542361,0.747128209,0.727835285,0.802074132,0.761232692,22.93,22.79,22.97,24.57,25.09,25.61,26.2,27.39,28.24,681.5,29,10.8,0.991626877,0.008079309,0,8/29/23,MCH,8.2,4.3,2,87,25,0,0,0,0,0,0,0,0,112,26,1,1,0,0,0,0,0,0,0,0,20,6,0,0,0,0
PA-598,13-Apr-21,Apr,9,DRY,11:09,Sully,4/25/17,LJM,2449,6.709589041,Male,,RM,33,21.03212945,45.78525881,21.21717125,Limp,9,7,0.720756,1.555344,1.569028,1.07566,1.267412,1.164216,0.790313,0.730001852,0.730101622,0.730051737,0.778182963,0.749103077,23.14,23.77,24.51,27.07,28.25,28.95,31,32.73,33.39,10.8,0.1,94.7,0.920383193,0,0.079615533,1/8/24,MCH,7.5,1.64,4,61,4,0,0,0,0,0,60,0,153,278,170,1,1,0,0,0,0,0,1,0,1,37,2,0,37,0,93
PA-681,20-Jul-21,Jul,12,RAINY,9:20,Sully,4/25/17,LJM,1963,5.378082192,Male,,RM,33,21.03212945,45.78525881,21.21717125,Limp,9,7,0.720756,1.555344,1.569028,1.07566,1.267412,1.164216,0.790313,0.730001852,0.730101622,0.730051737,0.778182963,0.749103077,24.51,23.89,23.94,27.84,26.93,26.5,31.1,29.97,29.05,128.4,153.4,89.8,0.920383193,0,0.079615533,9/9/22,JKH,7.5,3.17,3,84,6,0,19,0,0,0,0,0,0,109,34,1,1,0,1,0,0,0,0,0,0,26,2,0,0,0,0
PA-719,12-Aug-21,2-Aug,13,RAINY,8:40,Sully,4/25/17,LJM,1927,5.279452055,Male,,RM,33,21.03212945,45.78525881,21.21717125,Limp,9,7,0.720756,1.555344,1.569028,1.07566,1.267412,1.164216,0.790313,0.730001852,0.730101622,0.730051737,0.778182963,0.749103077,23.89,23.94,23.39677419,26.93,26.5,25.73709677,29.97,29.05,28.07741935,153.4,89.8,285.8,0.920383193,0,0.079615533,8/4/22,JKH,7,1.71,2,36,8,0,0,0,0,0,0,0,0,44,26,1,1,0,0,0,0,0,0,0,0,21,5,0,0,0,0
PA-056,19-Aug-20,Aug,1,RAINY,12:16,Thyme,5/30/08,AF,5120,14.02739726,Female,2,LV,30,12.81671162,35.0544688,15.39024269,Blan,19,11,0.855811,1.949287,2.340694,1.841247,1.469938,1.341847,0.961201,0.713424854,0.743786629,0.728605741,0.802280702,0.760921515,25.32,24.84,24.06,27.73,27.12,26.16,30.13,29.39,28.26,195.2,123.6,512.2,0.976790217,0.007748984,0.01576071,6/6/22,JC,4,2.5,3,20,0,0,0,0,0,0,0,2,2,24,10,1,0,0,0,0,0,0,0,1,1,8,0,0,0,1,1
PA-091,15-Sep-20,Sep,2,RAINY,11:37,Thyme,5/30/08,AF,5051,13.83835616,Female,2,LV,30,12.81671162,35.0544688,15.39024269,Blan,19,11,0.855811,1.949287,2.340694,1.841247,1.469938,1.341847,0.961201,0.713424854,0.743786629,0.728605741,0.802280702,0.760921515,24.84,24.06,23.79,27.12,26.16,26.07,29.39,28.26,28.35,123.6,512.2,327.9,0.976790217,0.007748984,0.01576071,3/29/22,JC,6.5,1.8,1,350,0,0,0,0,0,0,0,0,0,350,194,1,0,0,0,0,0,0,0,0,0,194,0,0,0,0,0
PA-446,15-Feb-21,Feb,7,DRY,8:25,Thyme,5/30/08,AF,5603,15.35068493,Female,2,LV,30,12.81671162,35.0544688,15.39024269,Blan,19,11,0.855811,1.949287,2.340694,1.841247,1.469938,1.341847,0.961201,0.713424854,0.743786629,0.728605741,0.802280702,0.760921515,22.79,22.97,23.14,25.09,25.61,27.07,27.39,28.24,31,29,10.8,10.8,0.976790217,0.007748984,0.01576071,10/2/23,MCH,7.5,3.08,2,417,55,0,0,0,0,0,0,0,0,472,153,1,1,0,0,0,0,0,0,0,0,135,18,0,0,0,0
PA-136,5-Oct-20,Oct,3,RAINY,10:15,Toaster,7/22/09,AF,4629,12.68219178,Female,3,AD,22,11.38186734,42.71048504,13.88406803,Timo,9,7,0.515096,1.58455,1.932899,1.179157,1.848038,1.728069,1.036729,0.726148264,0.727244932,0.726696598,0.774256771,0.745626099,24.06,23.79,23.71,26.16,26.07,25.55,28.26,28.35,27.38,512.2,327.9,441.6,0.889842666,0.009383832,0.100944747,3/25/22,HH,6,1.23,2,221,6,0,0,0,0,0,0,0,0,227,185,1,1,0,0,0,0,0,0,0,0,180,5,0,0,0,0
PA-502,3-Mar-21,Mar,8,DRY,8:47,Toaster,7/22/09,AF,5283,14.4739726,Female,3,AD,22,11.38186734,42.71048504,13.88406803,Timo,9,7,0.515096,1.58455,1.932899,1.179157,1.848038,1.728069,1.036729,0.726148264,0.727244932,0.726696598,0.774256771,0.745626099,22.97,23.14,23.77,25.61,27.07,28.25,28.24,31,32.73,10.8,10.8,0.1,0.889842666,0.009383832,0.100944747,1/8/24,MCH,6,4.29,2,168,3,0,0,0,0,0,0,0,0,171,40,1,1,0,0,0,0,0,0,0,0,39,1,0,0,0,0
PA-029,12-Aug-20,Aug,1,RAINY,9:10,Todd,10/23/12,SAM,3532,9.676712329,Male,3,GN,23,16.07948579,34.67887363,16.64771481,Seri,0,0,0.663228,1.381571,1.430394,0.855759,1.328901,1.142284,0.739244,0.685529798,0.733495332,0.709512565,0.800760354,0.750617982,25.32,24.84,24.06,27.73,27.12,26.16,30.13,29.39,28.26,195.2,123.6,512.2,0.968751267,0,0.030949515,6/25/22,JC,3,1.06,4,166,25,0,0,0,0,0,20,0,52,263,248,1,1,0,0,0,0,0,1,0,1,157,24,0,19,0,49
PA-600,14-Apr-21,Apr,9,DRY,7:00,Todd,10/23/12,SAM,3824,10.47671233,Male,3,GN,23,16.07948579,34.67887363,16.64771481,Seri,0,0,0.663228,1.381571,1.430394,0.855759,1.328901,1.142284,0.739244,0.685529798,0.733495332,0.709512565,0.800760354,0.750617982,23.14,23.77,24.51,27.07,28.25,28.95,31,32.73,33.39,10.8,0.1,94.7,0.968751267,0,0.030949515,4/13/23,MCH,7.75,2.9,3,258,53,0,0,0,0,0,3,0,0,314,108,1,1,0,0,0,0,0,1,0,0,89,18,0,1,0,0
PA-156,14-Oct-20,Oct,3,RAINY,10:00,Unknown,,UNK,,,UNK,,LV,30,12.81671162,35.0544688,15.39024269,,,,0.855811,1.949287,2.340694,1.841247,1.469938,1.341847,0.961201,0.713424854,0.743786629,0.728605741,0.802280702,0.760921515,24.06,23.79,23.71,26.16,26.07,25.55,28.26,28.35,27.38,512.2,327.9,441.6,0.976790217,0.007748984,0.01576071,7/22/21,MCH,7.5,1.9,4,49,0,0,0,0,0,0,8,1,9,67,35,1,0,0,0,0,0,0,1,1,1,26,0,0,4,1,5
PA-158,14-Oct-20,Oct,3,RAINY,11:24,Unknown,,AM,,,Male,,LV,30,12.81671162,35.0544688,15.39024269,,,,0.855811,1.949287,2.340694,1.841247,1.469938,1.341847,0.961201,0.713424854,0.743786629,0.728605741,0.802280702,0.760921515,24.06,23.79,23.71,26.16,26.07,25.55,28.26,28.35,27.38,512.2,327.9,441.6,0.976790217,0.007748984,0.01576071,7/15/21,MCH,7.5,2.05,5,1,2,0,0,0,0,1,12,0,8,24,12,1,1,0,0,0,0,1,1,0,1,0,1,0,6,0,4
PA-169,19-Oct-20,Oct,3,RAINY,9:55,Unknown,,UNK,,,UNK,,AD,22,11.38186734,42.71048504,13.88406803,,,,0.515096,1.58455,1.932899,1.179157,1.848038,1.728069,1.036729,0.726148264,0.727244932,0.726696598,0.774256771,0.745626099,24.06,23.79,23.71,26.16,26.07,25.55,28.26,28.35,27.38,512.2,327.9,441.6,0.889842666,0.009383832,0.100944747,7/20/21,HH/MCH,7,2.03,4,10,1,0,0,0,0,3,0,0,4,18,9,1,1,0,0,0,0,1,0,0,1,5,0,0,0,0,2
PA-174,19-Oct-20,Oct,3,RAINY,11:00,Unknown,,UNK,,,UNK,,AD,22,11.38186734,42.71048504,13.88406803,,,,0.515096,1.58455,1.932899,1.179157,1.848038,1.728069,1.036729,0.726148264,0.727244932,0.726696598,0.774256771,0.745626099,24.06,23.79,23.71,26.16,26.07,25.55,28.26,28.35,27.38,512.2,327.9,441.6,0.889842666,0.009383832,0.100944747,7/26/21,MCH,6,0.82,3,44,2,0,0,0,0,0,0,0,3,49,60,1,1,0,0,0,0,0,0,0,1,54,2,0,0,0,4
PA-176,19-Oct-20,Oct,3,RAINY,11:40,Unknown,,UNK,,,UNK,,AD,22,11.38186734,42.71048504,13.88406803,,,,0.515096,1.58455,1.932899,1.179157,1.848038,1.728069,1.036729,0.726148264,0.727244932,0.726696598,0.774256771,0.745626099,24.06,23.79,23.71,26.16,26.07,25.55,28.26,28.35,27.38,512.2,327.9,441.6,0.889842666,0.009383832,0.100944747,7/6/21,MCH/HH,-,4.34,2,2,0,0,0,0,0,0,1,0,0,3,1,1,0,0,0,0,0,0,1,0,0,0,0,0,0,0,0
PA-181,29-Oct-20,Oct,3,RAINY,7:46,Unknown,,UNK,,,UNK,,RM,33,21.03212945,45.78525881,21.21717125,,,,0.720756,1.555344,1.569028,1.07566,1.267412,1.164216,0.790313,0.730001852,0.730101622,0.730051737,0.778182963,0.749103077,24.06,23.79,23.71,26.16,26.07,25.55,28.26,28.35,27.38,512.2,327.9,441.6,0.920383193,0,0.079615533,7/18/21,MCH/HH,8.25,3.06,2,19,3,0,0,0,0,0,0,0,0,22,7,1,1,0,0,0,0,0,0,0,0,6,1,0,0,0,0
PA-667,19-Jul-21,Jul,12,RAINY,7:20,Unknown,,UNK,,,UNK,,AD,22,11.38186734,42.71048504,13.88406803,,,,0.515096,1.58455,1.932899,1.179157,1.848038,1.728069,1.036729,0.726148264,0.727244932,0.726696598,0.774256771,0.745626099,24.51,23.89,23.94,27.84,26.93,26.5,31.1,29.97,29.05,128.4,153.4,89.8,0.889842666,0.009383832,0.100944747,2/16/23,JKH,6.8,1.7,2,388,29,0,0,0,0,0,0,0,0,417,245,1,1,0,0,0,0,0,0,0,0,228,17,0,0,0,0
PA-120,28-Sep-20,Sep,2,RAINY,10:35,Ursula,8/20/14,AF,2625,7.191780822,Female,3,RM,33,21.03212945,45.78525881,21.21717125,Limp,9,7,0.720756,1.555344,1.569028,1.07566,1.267412,1.164216,0.790313,0.730001852,0.730101622,0.730051737,0.778182963,0.749103077,24.84,24.06,23.79,27.12,26.16,26.07,29.39,28.26,28.35,123.6,512.2,327.9,0.920383193,0,0.079615533,10/27/21,JC/MCH,4.5,2.08,2,161,4,0,0,0,0,0,0,0,0,165,79,1,1,0,0,0,0,0,0,0,0,77,2,0,0,0,0
PA-592,13-Apr-21,Apr,9,DRY,7:50,Ursula,8/20/14,AF,3430,9.397260274,Female,3,RM,33,21.03212945,45.78525881,21.21717125,Limp,9,7,0.720756,1.555344,1.569028,1.07566,1.267412,1.164216,0.790313,0.730001852,0.730101622,0.730051737,0.778182963,0.749103077,23.14,23.77,24.51,27.07,28.25,28.95,31,32.73,33.39,10.8,0.1,94.7,0.920383193,0,0.079615533,1/10/24,MCH,7,0.8,4,206,3,0,0,0,0,0,12,0,21,242,303,1,1,0,0,0,0,0,1,0,1,258,4,0,15,0,26
PA-367,18-Jan-21,Jan,6,DRY,8:28,WallE,11/1/13,SAM,3716,10.18082192,Male,4,AD,22,11.38186734,42.71048504,13.88406803,Pumb,1,0,0.515096,1.58455,1.932899,1.179157,1.848038,1.728069,1.036729,0.726148264,0.727244932,0.726696598,0.774256771,0.745626099,22.93,22.79,22.97,24.57,25.09,25.61,26.2,27.39,28.24,681.5,29,10.8,0.889842666,0.009383832,0.100944747,1/4/24,MCH,,2.77,2,671,2,0,0,0,0,0,0,0,0,673,243,1,1,0,0,0,0,0,0,0,0,242,1,0,0,0,0
PA-699,11-Aug-21,2-Aug,13,RAINY,8:05,WallE,11/1/13,SAM,3311,9.071232877,Male,4,AD,22,11.38186734,42.71048504,13.88406803,Pumb,1,0,0.515096,1.58455,1.932899,1.179157,1.848038,1.728069,1.036729,0.726148264,0.727244932,0.726696598,0.774256771,0.745626099,23.89,23.94,23.39677419,26.93,26.5,25.73709677,29.97,29.05,28.07741935,153.4,89.8,285.8,0.889842666,0.009383832,0.100944747,11/25/22,JKH,6.5,1.68,3,48,3,0,0,0,0,0,0,3,0,54,32,1,1,0,0,0,0,0,0,1,0,29,2,0,0,2,0
PA-707,11-Aug-21,2-Aug,13,RAINY,10:00,WallE,11/1/13,SAM,3373,9.24109589,Male,4,AD,22,11.38186734,42.71048504,13.88406803,Pumb,1,0,0.515096,1.58455,1.932899,1.179157,1.848038,1.728069,1.036729,0.726148264,0.727244932,0.726696598,0.774256771,0.745626099,23.89,23.94,23.39677419,26.93,26.5,25.73709677,29.97,29.05,28.07741935,153.4,89.8,285.8,0.889842666,0.009383832,0.100944747,1/26/23,JKH,7.6,2.8,2,84,17,0,0,0,0,0,0,0,0,101,36,1,1,0,0,0,0,0,0,0,0,30,6,0,0,0,0
PA-754,26-Aug-21,2-Aug,13,RAINY,11:19,WallE,11/1/13,SAM,3269,8.956164384,Male,4,AD,22,11.38186734,42.71048504,13.88406803,Pumb,1,0,0.515096,1.58455,1.932899,1.179157,1.848038,1.728069,1.036729,0.726148264,0.727244932,0.726696598,0.774256771,0.745626099,23.89,23.94,23.39677419,26.93,26.5,25.73709677,29.97,29.05,28.07741935,153.4,89.8,285.8,0.889842666,0.009383832,0.100944747,10/14/22,JKH,7,1.5,3,41,2,0,0,0,0,0,0,0,1,44,29,1,1,0,0,0,0,0,0,0,1,27,1,0,0,0,1
PA-024,11-Aug-20,Aug,1,RAINY,11:34,Winky,6/1/08,AF,4903,13.43287671,Female,1,BC,11,6.239286861,14.38237505,6.65000538,Mrsw,6,4,0.764825,1.654134,1.763022,0.940414,1.446859,1.241749,0.527725,0.708542361,0.747128209,0.727835285,0.802074132,0.761232692,25.32,24.84,24.06,27.73,27.12,26.16,30.13,29.39,28.26,195.2,123.6,512.2,0.991626877,0.008079309,0,11/3/21,JC/MCH,4,2.04,5,606,1,0,0,0,0,0,26,2,86,721,353,1,1,0,0,0,0,0,1,1,1,297,0,0,13,1,42
PA-217,16-Nov-20,Nov,4,RAINY,12:10,Winky,6/1/08,AF,5625,15.4109589,Female,1,BC,11,6.239286861,14.38237505,6.65000538,Mrsw,6,4,0.764825,1.654134,1.763022,0.940414,1.446859,1.241749,0.527725,0.708542361,0.747128209,0.727835285,0.802074132,0.761232692,23.79,23.71,22.93,26.07,25.55,24.57,28.35,27.38,26.2,327.9,441.6,681.5,0.991626877,0.008079309,0,10/26/23,MCH,8,3.49,4,130,28,0,0,0,0,1,0,0,1,160,46,1,1,0,0,0,0,1,0,0,1,37,8,0,0,0,0
PA-543,18-Mar-21,Mar,8,DRY,11:20,Winky,6/1/08,AF,5701,15.61917808,Female,1,BC,11,6.239286861,14.38237505,6.65000538,Mrsw,6,4,0.764825,1.654134,1.763022,0.940414,1.446859,1.241749,0.527725,0.708542361,0.747128209,0.727835285,0.802074132,0.761232692,22.97,23.14,23.77,25.61,27.07,28.25,28.24,31,32.73,10.8,10.8,0.1,0.991626877,0.008079309,0,1/10/24,MCH,8,4.69,2,140,11,0,0,0,0,0,0,0,0,151,32,1,1,0,0,0,0,0,0,0,0,30,2,0,0,0,0
PA-728,18-Aug-21,2-Aug,13,RAINY,9:30,Winky,6/1/08,AF,5121,14.03013699,Female,1,BC,11,6.239286861,14.38237505,6.65000538,Mrsw,6,4,0.764825,1.654134,1.763022,0.940414,1.446859,1.241749,0.527725,0.708542361,0.747128209,0.727835285,0.802074132,0.761232692,23.89,23.94,23.39677419,26.93,26.5,25.73709677,29.97,29.05,28.07741935,153.4,89.8,285.8,0.991626877,0.008079309,0,6/9/22,JKH,6.5,1.48,3,16,21,0,0,0,0,0,0,0,2,39,26,1,1,0,0,0,0,0,0,0,1,11,14,0,0,0,1
PA-055,19-Aug-20,Aug,1,RAINY,12:08,Yarrow,7/17/17,LJM,1827,5.005479452,Male,,LV,30,12.81671162,35.0544688,15.39024269,Dosl,2,1,0.855811,1.949287,2.340694,1.841247,1.469938,1.341847,0.961201,0.713424854,0.743786629,0.728605741,0.802280702,0.760921515,25.32,24.84,24.06,27.73,27.12,26.16,30.13,29.39,28.26,195.2,123.6,512.2,0.976790217,0.007748984,0.01576071,7/18/22,JC,3.5,2.71,1,6,0,0,0,0,0,0,0,0,0,6,2,1,0,0,0,0,0,0,0,0,0,2,0,0,0,0,0
PA-222,19-Nov-20,Nov,4,RAINY,11:37,Yarrow,7/17/17,LJM,2251,6.167123288,Male,,LV,30,12.81671162,35.0544688,15.39024269,Dosl,2,1,0.855811,1.949287,2.340694,1.841247,1.469938,1.341847,0.961201,0.713424854,0.743786629,0.728605741,0.802280702,0.760921515,23.79,23.71,22.93,26.07,25.55,24.57,28.35,27.38,26.2,327.9,441.6,681.5,0.976790217,0.007748984,0.01576071,9/15/23,MCH,7,3.88,2,4,7,0,0,0,0,0,0,0,0,11,3,1,1,0,0,0,0,0,0,0,0,1,2,0,0,0,0
PA-567,7-Apr-21,Apr,9,DRY,9:57,Yarrow,7/17/17,LJM,2156,5.906849315,Male,,LV,30,12.81671162,35.0544688,15.39024269,Dosl,2,1,0.855811,1.949287,2.340694,1.841247,1.469938,1.341847,0.961201,0.713424854,0.743786629,0.728605741,0.802280702,0.760921515,23.14,23.77,24.51,27.07,28.25,28.95,31,32.73,33.39,10.8,0.1,94.7,0.976790217,0.007748984,0.01576071,6/12/23,MCH,,2.21,1,40,0,0,0,0,0,0,0,0,0,40,18,1,0,0,0,0,0,0,0,0,0,18,0,0,0,0,0
PA-036,18-Aug-20,Aug,1,RAINY,8:09,Zazu,2/2/99,AF,8392,22.99178082,Female,7,AD,22,11.38186734,42.71048504,13.88406803,Seri,7,6,0.515096,1.58455,1.932899,1.179157,1.848038,1.728069,1.036729,0.726148264,0.727244932,0.726696598,0.774256771,0.745626099,25.32,24.84,24.06,27.73,27.12,26.16,30.13,29.39,28.26,195.2,123.6,512.2,0.889842666,0.009383832,0.100944747,1/24/22,JC,3.5,1.7,4,190,0,0,0,0,0,0,22,23,58,293,172,1,0,0,0,0,0,0,1,1,1,112,0,0,13,14,34